normalized_title	count	recording_ids	titles
cancion mixteca	10	REC000624|REC000625|REC000626|REC000627|REC000628|REC000629|REC000630|REC000631|REC000632|REC000633	Cancion Mixteca|Cancion Mixteca|Cancion Mixteca|Cancion Mixteca|Cancion Mixteca|Cancion Mixteca|Cancion Mixteca|Cancion Mixteca|Cancion Mixteca|Cancion Mixteca
por un amor	10	REC004165|REC004166|REC004167|REC004168|REC004169|REC004170|REC004171|REC004172|REC004173|REC004174	Por Un Amor|Por Un Amor|Por Un Amor|Por Un Amor|Por Un Amor|Por Un Amor|Por Un Amor|Por Un Amor|Por Un Amor|Por Un Amor
tres dias	9	REC005051|REC005052|REC005053|REC005054|REC005055|REC005056|REC005057|REC005058|REC005059	Tres Días|Tres Días|Tres Días|Tres Días|Tres Días|Tres Días|Tres Días|Tres Días|Tres Días
la cama de piedra	8	REC002472|REC002473|REC002474|REC002475|REC002476|REC002477|REC002478|REC002479	La Cama De Piedra|La Cama De Piedra|La Cama De Piedra|La Cama De Piedra|La Cama De Piedra|La Cama De Piedra|La Cama De Piedra|La Cama De Piedra
las mananitas	8	REC002939|REC002940|REC002941|REC002942|REC002943|REC002944|REC002945|REC002946	Las Mañanitas|Las Mañanitas|Las Mañanitas|Las Mañanitas|Las Mañanitas|Las Mañanitas|Las Mañanitas|Las Mañanitas
cien anos	7	REC000771|REC000772|REC000773|REC000774|REC000775|REC000776|REC000777	Cien Años|Cien Años|Cien Años|Cien Años|Cien Años|Cien Años|Cien Años
cuando el destino	7	REC001002|REC001003|REC001004|REC001005|REC001006|REC001007|REC001008	Cuando El Destino|Cuando El Destino|Cuando El Destino|Cuando El Destino|Cuando El Destino|Cuando El Destino|Cuando El Destino
la bamba	7	REC002435|REC002436|REC002437|REC002438|REC002439|REC002440|REC002441	La Bamba|La Bamba|La Bamba|La Bamba|La Bamba|La Bamba|La Bamba
luna de octubre	7	REC003142|REC003143|REC003144|REC003145|REC003146|REC003147|REC003148	Luna De Octubre|Luna De Octubre|Luna De Octubre|Luna De Octubre|Luna De Octubre|Luna De Octubre|Luna De Octubre
no volvere	7	REC003749|REC003750|REC003751|REC003752|REC003753|REC003754|REC003755	No Volvere|No Volvere|No Volvere|No Volvere|No Volvere|No Volvere|No Volvere
que seas feliz	7	REC004357|REC004358|REC004359|REC004360|REC004361|REC004362|REC004363	Que Seas Feliz|Que Seas Feliz|Que Seas Feliz|Que Seas Feliz|Que Seas Feliz|Que Seas Feliz|Que Seas Feliz
a la orilla del mar	6	REC000018|REC000019|REC000020|REC000021|REC000022|REC000023	A La Orilla Del Mar|A La Orilla Del Mar|A La Orilla Del Mar|A La Orilla Del Mar|A La Orilla Del Mar|A La Orilla Del Mar
adios	6	REC000078|REC000079|REC000080|REC000081|REC000082|REC000083	Adios|Adios|Adios|Adios|Adios|Adios
amorcito corazon	6	REC000290|REC000291|REC000292|REC000293|REC000294|REC000295	Amorcito Corazon|Amorcito Corazon|Amorcito Corazon|Amorcito Corazon|Amorcito Corazon|Amorcito Corazon
el caballo blanco	6	REC001419|REC001420|REC001421|REC001422|REC001423|REC001424	El Caballo Blanco|El Caballo Blanco|El Caballo Blanco|El Caballo Blanco|El Caballo Blanco|El Caballo Blanco
el cuervo	6	REC001536|REC001537|REC001538|REC001539|REC001540|REC001541	El Cuervo|El Cuervo|El Cuervo|El Cuervo|El Cuervo|El Cuervo
el gavilan pollero	6	REC001601|REC001603|REC001604|REC001605|REC001606|REC001607	El Gavilan Pollero|El Gavilán Pollero|El Gavilán Pollero|El Gavilán Pollero|El Gavilán Pollero|El Gavilán Pollero
ella	6	REC001955|REC001956|REC001957|REC001958|REC001959|REC001960	Ella|Ella|Ella|Ella|Ella|Ella
entre copa y copa	6	REC002008|REC002009|REC002010|REC002011|REC002012|REC002013	Entre Copa Y Copa|Entre Copa Y Copa|Entre Copa Y Copa|Entre Copa Y Copa|Entre Copa Y Copa|Entre Copa Y Copa
gorrioncillo pecho amarillo	6	REC002194|REC002195|REC002196|REC002197|REC002198|REC002199	Gorrioncillo Pecho Amarillo|Gorrioncillo Pecho Amarillo|Gorrioncillo Pecho Amarillo|Gorrioncillo Pecho Amarillo|Gorrioncillo Pecho Amarillo|Gorrioncillo Pecho Amarillo
la calandria	6	REC002466|REC002467|REC002468|REC002469|REC002470|REC002471	La Calandria|La Calandria|La Calandria|La Calandria|La Calandria|La Calandria
llegando a ti	6	REC003012|REC003013|REC003014|REC003015|REC003016|REC003017	Llegando A Ti|Llegando A Ti|Llegando A Ti|Llegando A Ti|Llegando A Ti|Llegando A Ti
nocturnal	6	REC003784|REC003785|REC003786|REC003787|REC003788|REC003789	Nocturnal|Nocturnal|Nocturnal|Nocturnal|Nocturnal|Nocturnal
paloma negra	6	REC003940|REC003941|REC003942|REC003943|REC003944|REC003945	Paloma Negra|Paloma Negra|Paloma Negra|Paloma Negra|Paloma Negra|Paloma Negra
punalada trapera	6	REC004261|REC004262|REC004263|REC004264|REC004265|REC004266	Puñalada Trapera|Puñalada Trapera|Puñalada Trapera|Puñalada Trapera|Puñalada Trapera|Puñalada Trapera
ay jalisco no te rajes	5	REC000442|REC000443|REC000456|REC000457|REC000458	Ay Jalisco No Te Rajes|Ay Jalisco No Te Rajes|Ay! Jalisco No Te Rajes|Ay! Jalisco No Te Rajes|Ay! Jalisco No Te Rajes
besame morenita	5	REC000500|REC000501|REC000502|REC000503|REC000504	Besame Morenita|Besame Morenita|Besame Morenita|Besame Morenita|Besame Morenita
besando la cruz	5	REC000510|REC000511|REC000512|REC000513|REC000514	Besando La Cruz|Besando La Cruz|Besando La Cruz|Besando La Cruz|Besando La Cruz
cancion mexicana	5	REC000619|REC000620|REC000621|REC000622|REC000623	Cancion Mexicana|Cancion Mexicana|Cancion Mexicana|Cancion Mexicana|Cancion Mexicana
carino nuevo	5	REC000672|REC000673|REC000674|REC000675|REC000676	Cariño Nuevo|Cariño Nuevo|Cariño Nuevo|Cariño Nuevo|Cariño Nuevo
cielito lindo	5	REC000756|REC000757|REC000758|REC000759|REC000760	Cielito Lindo|Cielito Lindo|Cielito Lindo|Cielito Lindo|Cielito Lindo
cuatro vidas	5	REC001073|REC001074|REC001075|REC001076|REC001077	Cuatro Vidas|Cuatro Vidas|Cuatro Vidas|Cuatro Vidas|Cuatro Vidas
cucurrucucu paloma	5	REC001078|REC001079|REC001080|REC001081|REC001082	Cucurrucucu Paloma|Cucurrucucu Paloma|Cucurrucucu Paloma|Cucurrucucu Paloma|Cucurrucucu Paloma
el aguacero	5	REC001336|REC001337|REC001338|REC005533|REC005540	El Aguacero|El Aguacero|El Aguacero|El Aguacero|El Aguacero
el crucifijo de piedra	5	REC001523|REC001524|REC001525|REC001526|REC001527	El Crucifijo De Piedra|El Crucifijo De Piedra|El Crucifijo De Piedra|El Crucifijo De Piedra|El Crucifijo De Piedra
flor sin retono	5	REC002144|REC002145|REC002146|REC002147|REC002148	Flor Sin Retono|Flor Sin Retoño|Flor Sin Retoño|Flor Sin Retoño|Flor Sin Retoño
gabino barrera	5	REC002168|REC002169|REC002170|REC002171|REC002172	Gabino Barrera|Gabino Barrera|Gabino Barrera|Gabino Barrera|Gabino Barrera
huapango torero	5	REC002312|REC002313|REC002314|REC002315|REC002316	Huapango Torero|Huapango Torero|Huapango Torero|Huapango Torero|Huapango Torero
imploracion	5	REC002325|REC002326|REC002327|REC002328|REC002329	Imploracion|Imploracion|Imploracion|Imploracion|Imploracion
la enorme distancia	5	REC002543|REC002544|REC002545|REC002546|REC002547	La Enorme Distancia|La Enorme Distancia|La Enorme Distancia|La Enorme Distancia|La Enorme Distancia
la feria de las flores	5	REC002564|REC002565|REC002566|REC002567|REC002568	La Feria De Las Flores|La Feria De Las Flores|La Feria De Las Flores|La Feria De Las Flores|La Feria De Las Flores
la mujer ladina	5	REC002688|REC002689|REC002690|REC002691|REC002692	La Mujer Ladina|La Mujer Ladina|La Mujer Ladina|La Mujer Ladina|La Mujer Ladina
la negra	5	REC002696|REC002697|REC002698|REC002699|REC002700	La Negra|La Negra|La Negra|La Negra|La Negra
la noche de mi mal	5	REC002707|REC002708|REC002709|REC002710|REC002711	La Noche De Mi Mal|La Noche De Mi Mal|La Noche De Mi Mal|La Noche De Mi Mal|La Noche De Mi Mal
la panchita	5	REC002733|REC002734|REC002735|REC002736|REC002737	La Panchita|La Panchita|La Panchita|La Panchita|La Panchita
los laureles	5	REC003111|REC003112|REC003113|REC003114|REC003115	Los Laureles|Los Laureles|Los Laureles|Los Laureles|Los Laureles
mi carinito	5	REC003359|REC003360|REC003361|REC003362|REC003363	Mi Cariñito|Mi Cariñito|Mi Cariñito|Mi Cariñito|Mi Cariñito
morenita mia	5	REC003517|REC003518|REC003519|REC003520|REC003521	Morenita Mia|Morenita Mia|Morenita Mia|Morenita Mia|Morenita Mia
paloma dejame ir	5	REC003931|REC003932|REC003933|REC003934|REC003935	Paloma Dejame Ir|Paloma Dejame Ir|Paloma Dejame Ir|Paloma Dejame Ir|Paloma Dejame Ir
plegaria	5	REC004074|REC004075|REC005633|REC005913|REC006107	Plegaria|Plegaria|Plegaria|2. Plegaria|Plegaria
presentimiento	5	REC004209|REC004210|REC004211|REC004212|REC004213	Presentimiento|Presentimiento|Presentimiento|Presentimiento|Presentimiento
sus ojitos	5	REC004837|REC004838|REC004839|REC004840|REC004841	Sus Ojitos|Sus Ojitos|Sus Ojitos|Sus Ojitos|Sus Ojitos
toda una vida	5	REC004995|REC004996|REC004997|REC004998|REC004999	Toda Una Vida|Toda Una Vida|Toda Una Vida|Toda Una Vida|Toda Una Vida
tu solo tu	5	REC005134|REC005148|REC005150|REC005151|REC005152	Tu, Solo Tu|Tú Sólo Tú|Tú, Sólo Tú|Tú, Sólo Tú|Tú, Sólo Tú
a la hora del rosario	4	REC000011|REC000012|REC000013|REC000014	A La Hora Del Rosario|A La Hora Del Rosario|A La Hora Del Rosario|A La Hora Del Rosario
a los cuatro vientos	4	REC000025|REC000026|REC000027|REC000028	A Los Cuatro Vientos|A Los Cuatro Vientos|A Los Cuatro Vientos|A Los Cuatro Vientos
a poco no	4	REC000037|REC000038|REC000039|REC000040	A Poco No|A Poco No|A Poco No|A Poco No
amor del alma	4	REC000253|REC000254|REC000255|REC000256	Amor Del Alma|Amor Del Alma|Amor Del Alma|Amor Del Alma
ando como bala	4	REC000309|REC000310|REC000311|REC000312	Ando Como Bala|Ando Como Bala|Ando Como Bala|Ando Como Bala
ausencia	4	REC000428|REC000429|REC000430|REC005729	Ausencia|Ausencia|Ausencia|Ausencia
balaju	4	REC000481|REC000482|REC000483|REC000484	Balaju|Balaju|Balaju|Balaju
besame mucho	4	REC000505|REC000506|REC000507|REC000508	Besame Mucho|Besame Mucho|Besame Mucho|Besame Mucho
camino a guanajuato	4	REC000590|REC000591|REC000592|REC000593	Camino A Guanajuato|Camino A Guanajuato|Camino A Guanajuato|Camino A Guanajuato
carta abierta	4	REC000691|REC000692|REC000693|REC000694	Carta Abierta|Carta Abierta|Carta Abierta|Carta Abierta
cartas marcadas	4	REC000703|REC000704|REC000705|REC000706	Cartas Marcadas|Cartas Marcadas|Cartas Marcadas|Cartas Marcadas
corrido de cananea	4	REC000929|REC000930|REC000931|REC000932	Corrido De Cananea|Corrido De Cananea|Corrido De Cananea|Corrido De Cananea
cuando nadie te quiera	4	REC001024|REC001025|REC001026|REC001027	Cuando Nadie Te Quiera|Cuando Nadie Te Quiera|Cuando Nadie Te Quiera|Cuando Nadie Te Quiera
cuando sale la luna	4	REC001030|REC001031|REC001032|REC001033	Cuando Sale La Luna|Cuando Sale La Luna|Cuando Sale La Luna|Cuando Sale La Luna
cuando salgo a los campos	4	REC001034|REC001035|REC001036|REC001037	Cuando Salgo A Los Campos|Cuando Salgo A Los Campos|Cuando Salgo A Los Campos|Cuando Salgo A Los Campos
desvelo de amor	4	REC001204|REC001205|REC001206|REC001207	Desvelo De Amor|Desvelo De Amor|Desvelo De Amor|Desvelo De Amor
dios nunca muere	4	REC001246|REC001247|REC001248|REC001249	Dios Nunca Muere|Dios Nunca Muere|Dios Nunca Muere|Dios Nunca Muere
dos arbolitos	4	REC001275|REC001276|REC001277|REC001278	Dos Arbolitos|Dos Arbolitos|Dos Arbolitos|Dos Arbolitos
dime que si	4	REC001314|REC001315|REC001316|REC001317	Díme Que Sí|Díme Que Sí|Díme Que Sí|Díme Que Sí
el abandonado	4	REC001324|REC001325|REC001326|REC001327	El Abandonado|El Abandonado|El Abandonado|El Abandonado
el alazan y el rocio	4	REC001350|REC001351|REC001352|REC001353	El Alazán Y El Rocio|El Alazán Y El Rocio|El Alazán Y El Rocio|El Alazán Y El Rocío
el caballo bayo	4	REC001415|REC001416|REC001417|REC001418	El Caballo Bayo|El Caballo Bayo|El Caballo Bayo|El Caballo Bayo
el colas	4	REC001487|REC001488|REC001489|REC001490	El Colas|El Colas|El Colas|El Colas
el pajaro cu	4	REC001750|REC001751|REC001752|REC001753	El Pajaro Cu|El Pajaro Cu|El Pajaro Cu|El Pajaro Cu
el ramalazo	4	REC001809|REC001810|REC001811|REC001812	El Ramalazo|El Ramalazo|El Ramalazo|El Ramalazo
el sinaloense	4	REC001854|REC001855|REC001856|REC001857	El Sinaloense|El Sinaloense|El Sinaloense|El Sinaloense
en tu dia	4	REC001991|REC001992|REC001993|REC001994	En Tu Dia|En Tu Dia|En Tu Dia|En Tu Dia
guadalajara	4	REC002219|REC002220|REC002221|REC002222	Guadalajara|Guadalajara|Guadalajara|Guadalajara
historia de un amor	4	REC002285|REC002286|REC002287|REC005559	Historia De Un Amor|Historia De Un Amor|Historia De Un Amor|Historia de Un Amor
imposible	4	REC002331|REC002332|REC002333|REC002334	Imposible|Imposible|Imposible|Imposible
la cigarra	4	REC002512|REC002513|REC002514|REC002515	La Cigarra|La Cigarra|La Cigarra|La Cigarra
la estrella	4	REC002559|REC002560|REC002561|REC002562	La Estrella|La Estrella|La Estrella|La Estrella
la guacamaya	4	REC002580|REC002581|REC002582|REC002583	La Guacamaya|La Guacamaya|La Guacamaya|La Guacamaya
las olas	4	REC002951|REC002952|REC002953|REC002954	Las Olas|Las Olas|Las Olas|Las Olas
lic adolfo lopez mateos	4	REC002990|REC002991|REC002992|REC002993	Lic. Adolfo Lopez Mateos|Lic. Adolfo Lopez Mateos|Lic. Adolfo Lopez Mateos|Lic. Adolfo Lopez Mateos
los camperos	4	REC003076|REC003077|REC003078|REC003079	Los Camperos|Los Camperos|Los Camperos|Los Camperos
los dos hermanos	4	REC003094|REC003095|REC003096|REC003097	Los Dos Hermanos|Los Dos Hermanos|Los Dos Hermanos|Los Dos Hermanos
maria chuchena	4	REC003221|REC003222|REC003223|REC003224	Maria Chuchena|Maria Chuchena|Maria Chuchena|Maria Chuchena
mananitas tapatias	4	REC003258|REC003259|REC003260|REC003261	Mañanitas Tapatias|Mañanitas Tapatias|Mañanitas Tapatias|Mañanitas Tapatías
no me platiques	4	REC003661|REC003662|REC003663|REC003664	No Me Platiques|No Me Platiques|No Me Platiques|No Me Platiques
pensando en ti	4	REC004016|REC004017|REC004018|REC004019	Pensando En Ti|Pensando En Ti|Pensando En Ti|Pensando En Ti
por la cruz	4	REC004118|REC004119|REC004120|REC004121	Por La Cruz|Por La Cruz|Por La Cruz|Por La Cruz
por ultima vez	4	REC004161|REC004162|REC004163|REC004164	Por Ultima Vez|Por Ultima Vez|Por Ultima Vez|Por Ultima Vez
que bonita es mi tierra	4	REC004270|REC004271|REC004272|REC004273	Que Bonita Es Mi Tierra|Que Bonita Es Mi Tierra|Que Bonita Es Mi Tierra|Que Bonita Es Mi Tierra
que le debo a la vida	4	REC004306|REC004307|REC004308|REC004309	Que Le Debo A La Vida|Que Le Debo A La Vida|Que Le Debo A La Vida|Que Le Debo A La Vida
que me toquen las golondrinas	4	REC004324|REC004325|REC004326|REC004327	Que Me Toquen Las Golondrinas|Que Me Toquen Las Golondrinas|Que Me Toquen Las Golondrinas|Que Me Toquen Las Golondrinas
quiereme	4	REC004417|REC004418|REC004419|REC004420	Quiereme|Quiereme|Quiereme|Quiereme
recuerdo	4	REC004468|REC004469|REC004470|REC004471	Recuerdo|Recuerdo|Recuerdo|Recuerdo
renunciacion	4	REC004489|REC004490|REC004491|REC004492	Renunciacion|Renunciacion|Renunciacion|Renunciacion
rosa	4	REC004525|REC004526|REC004527|REC004528	Rosa|Rosa|Rosa|Rosa
se me hizo facil	4	REC004610|REC004611|REC004612|REC004613	Se Me Hizo Facil|Se Me Hizo Facil|Se Me Hizo Facil|Se Me Hizo Facil
siete leguas	4	REC004705|REC004706|REC004707|REC004708	Siete Leguas|Siete Leguas|Siete Leguas|Siete Leguas
sin tu amor	4	REC004742|REC004743|REC004744|REC004745	Sin Tu Amor|Sin Tu Amor|Sin Tu Amor|Sin Tu Amor
solamente una vez	4	REC004757|REC004758|REC004759|REC004760	Solamente Una Vez|Solamente Una Vez|Solamente Una Vez|Solamente Una Vez
te quiero	4	REC004869|REC004908|REC004909|REC004910	Te Quiero|Te Quiero|Te Quiero|Te Quiero
tu enamorado	4	REC005090|REC005091|REC005092|REC005093	Tu Enamorado|Tu Enamorado|Tu Enamorado|Tu Enamorado
valentin de la sierra	4	REC005240|REC005241|REC005242|REC005243	Valentin De La Sierra|Valentin De La Sierra|Valentin De La Sierra|Valentin De La Sierra
viva mi desgracia	4	REC005325|REC005326|REC005327|REC005328	Viva Mi Desgracia|Viva Mi Desgracia|Viva Mi Desgracia|Viva Mi Desgracia
vamonos	4	REC005363|REC005364|REC005365|REC005366	Vámonos|Vámonos|Vámonos|Vámonos
a todo dar	3	REC000052|REC000053|REC000054	A Todo Dar|A Todo Dar|A Todo Dar
aburrido me voy	3	REC000063|REC000064|REC000065	Aburrido Me Voy|Aburrido Me Voy|Aburrido Me Voy
adios mis chorreadas	3	REC000095|REC000096|REC000097	Adios Mis Chorreadas|Adios Mis Chorreadas|Adios Mis Chorreadas
alla en el rancho grande	3	REC000169|REC000170|REC000173	Alla En El Rancho Grande|Alla En El Rancho Grande|Allá En El Rancho Grande
alma angelina	3	REC000175|REC000176|REC000177	Alma Angelina|Alma Angelina|Alma Angelina
alma de cristal	3	REC000179|REC000180|REC000181	Alma De Cristal|Alma De Cristal|Alma De Cristal
amargura	3	REC000212|REC000213|REC000214	Amargura|Amargura|Amargura
amor de madre	3	REC000244|REC000245|REC000246	Amor De Madre|Amor De Madre|Amor De Madre
amor perdido	3	REC000268|REC000269|REC000270	Amor Perdido|Amor Perdido|Amor Perdido
amor sincero	3	REC000277|REC000278|REC000279	Amor Sincero|Amor Sincero|Amor Sincero
amor y olvido	3	REC000283|REC000284|REC000285	Amor Y Olvido|Amor Y Olvido|Amor Y Olvido
ando muy borracho	3	REC000316|REC000317|REC000318	Ando Muy Borracho|Ando Muy Borracho|Ando Muy Borracho
angelitos negros	3	REC000321|REC000322|REC000323	Angelitos Negros|Angelitos Negros|Angelitos Negros
anillo de compromiso	3	REC000327|REC000328|REC000329	Anillo De Compromiso|Anillo De Compromiso|Anillo De Compromiso
ansiandote	3	REC000339|REC000340|REC000341	Ansiandote|Ansiandote|Ansiandote
asi	3	REC000392|REC000393|REC000394	Asi|Asi|Asi
bala perdida	3	REC000478|REC000479|REC000480	Bala Perdida|Bala Perdida|Bala Perdida
campanero campanero	3	REC000607|REC000608|REC000609	Campanero Campanero|Campanero, Campanero|Campanero, Campanero
cantar llorando	3	REC000643|REC000644|REC000645	Cantar Llorando|Cantar Llorando|Cantar Llorando
carino bonito	3	REC000666|REC000667|REC000668	Cariño Bonito|Cariño Bonito|Cariño Bonito
carta fatal	3	REC000695|REC000696|REC000697	Carta Fatal|Carta Fatal|Carta Fatal
cielo rojo	3	REC000767|REC000768|REC000769	Cielo Rojo|Cielo Rojo|Cielo Rojo
club verde	3	REC000786|REC000787|REC000788	Club Verde|Club Verde|Club Verde
comprendeme	3	REC000820|REC000821|REC000822	Comprendeme|Comprendeme|Comprendeme
conmigo se comparan	3	REC000858|REC000859|REC000860	Conmigo Se Comparan|Conmigo Se Comparan|Conmigo Se Comparan
conozco a los dos	3	REC000862|REC000863|REC000864	Conozco A Los Dos|Conozco A Los Dos|Conozco A Los Dos
corazon	3	REC000893|REC000894|REC000895	Corazon|Corazon|Corazon
corazon corazoncito	3	REC000897|REC000898|REC000910	Corazon Corazoncito|Corazon Corazoncito|Corazon, Corazoncito
corrido del norte	3	REC000972|REC000973|REC000974	Corrido Del Norte|Corrido Del Norte|Corrido Del Norte
crei	3	REC000986|REC000990|REC000991	Crei|Creí|Creí
cruz de olvido	3	REC000994|REC000995|REC000996	Cruz De Olvido|Cruz De Olvido|Cruz De Olvido
cuando vivas conmigo	3	REC001055|REC001056|REC001057	Cuando Vivas Conmigo|Cuando Vivas Conmigo|Cuando Vivas Conmigo
cuatro caminos	3	REC001064|REC001065|REC001066	Cuatro Caminos|Cuatro Caminos|Cuatro Caminos
cuatro copas	3	REC001067|REC001068|REC001069	Cuatro Copas|Cuatro Copas|Cuatro Copas
cuquita	3	REC001097|REC001098|REC001099	Cuquita|Cuquita|Cuquita
de dia y de noche	3	REC001121|REC001122|REC001123	De Dia Y De Noche|De Dia Y De Noche|De Dia Y De Noche
decidete	3	REC001143|REC001144|REC001145	Decidete|Decidete|Decidete
desafio	3	REC001174|REC001175|REC001176	Desafio|Desafio|Desafio
el adios del soldado	3	REC001332|REC001333|REC001334	El Adios Del Soldado|El Adios Del Soldado|El Adios Del Soldado
el agualulco	3	REC001339|REC001340|REC001341	El Agualulco|El Agualulco|El Agualulco
el aguijon	3	REC001343|REC001344|REC001345	El Aguijon|El Aguijon|El Aguijon
el andariego	3	REC001358|REC001359|REC001360	El Andariego|El Andariego|El Andariego
el ausente	3	REC001372|REC001373|REC005699	El Ausente|El Ausente|El Ausente
el butaquito	3	REC001410|REC001411|REC001412	El Butaquito|El Butaquito|El Butaquito
el cable	3	REC001427|REC001428|REC001429	El Cable|El Cable|El Cable
el caporal de chihuahua	3	REC001446|REC001447|REC001448	El Caporal De Chihuahua|El Caporal De Chihuahua|El Caporal De Chihuahua
el capulinero	3	REC001450|REC001451|REC001452	El Capulinero|El Capulinero|El Capulinero
el carretero	3	REC001454|REC001455|REC005620	El Carretero|El Carretero|El Carretero
el cascabel	3	REC001460|REC001461|REC001462	El Cascabel|El Cascabel|El Cascabel
el cuerudo	3	REC001533|REC001534|REC001535	El Cuerudo|El Cuerudo|El Cuerudo
el cupido	3	REC001542|REC001543|REC001544	El Cupido|El Cupido|El Cupido
el dia de san juan	3	REC001552|REC001553|REC001554	El Dia De San Juan|El Dia De San Juan|El Dia De San Juan
el embrujado	3	REC001572|REC001573|REC001574	El Embrujado|El Embrujado|El Embrujado
el fronterizo	3	REC001586|REC001587|REC001588	El Fronterizo|El Fronterizo|El Fronterizo
el herradero	3	REC001628|REC001629|REC001630	El Herradero|El Herradero|El Herradero
el hijo desobediente	3	REC001637|REC001638|REC001639	El Hijo Desobediente|El Hijo Desobediente|El Hijo Desobediente
el huerfanito	3	REC001646|REC001647|REC001648	El Huerfanito|El Huerfanito|El Huerfanito
el indulto	3	REC001651|REC001652|REC001653	El Indulto|El Indulto|El Indulto
el jardinero	3	REC001662|REC005998|REC006195	El Jardinero|10. El Jardinero|El Jardinero
el jarocho	3	REC001664|REC001665|REC001666	El Jarocho|El Jarocho|El Jarocho
el jinete	3	REC001670|REC001671|REC001672	El Jinete|El Jinete|El Jinete
el llorar	3	REC001687|REC001688|REC001689	El Llorar|El Llorar|El Llorar
el mariachi	3	REC001698|REC001699|REC001700	El Mariachi|El Mariachi|El Mariachi
el moro de cumpas	3	REC001715|REC001716|REC001717	El Moro De Cumpas|El Moro De Cumpas|El Moro De Cumpas
el mundo	3	REC001726|REC001727|REC001728	El Mundo|El Mundo|El Mundo
el mundo es mio	3	REC001730|REC001731|REC001732	El Mundo Es Mio|El Mundo Es Mio|El Mundo Es Mio?
el plebeyo	3	REC001787|REC001788|REC001789	El Plebeyo|El Plebeyo|El Plebeyo
el profugo	3	REC001797|REC001798|REC001799	El Profugo|El Profugo|El Profugo
el quiubole	3	REC001806|REC001807|REC001808	El Quiubole|El Quiubole|El Quiubole
el ranchero	3	REC001813|REC001814|REC001815	El Ranchero|El Ranchero|El Ranchero
el rebelde	3	REC001823|REC001824|REC001825	El Rebelde|El Rebelde|El Rebelde
el rey del falsete	3	REC001837|REC001838|REC001839	El Rey Del Falsete|El Rey Del Falsete|El Rey Del Falsete
el siquisiri	3	REC001860|REC001861|REC001862	El Siquisiri|El Siquisiri|El Siquisiri
el solterito	3	REC001868|REC001869|REC001870	El Solterito|El Solterito|El Solterito
el venadito	3	REC001933|REC001934|REC001935	El Venadito|El Venadito|El Venadito
el zapateado	3	REC001944|REC001945|REC001946	El Zapateado|El Zapateado|El Zapateado
el zopilote mojado	3	REC001948|REC001949|REC001950	El Zopilote Mojado|El Zopilote Mojado|El Zopilote Mojado
en mala hora	3	REC001978|REC001979|REC001980	En Mala Hora|En Mala Hora|En Mala Hora
esta tristeza mia	3	REC002088|REC002089|REC002090	Esta Tristeza Mia|Esta Tristeza Mia|Esta Tristeza Mia
falsa	3	REC002111|REC002112|REC002113	Falsa|Falsa|Falsa
golondrina de ojos negros	3	REC002184|REC002185|REC002186	Golondrina De Ojos Negros|Golondrina De Ojos Negros|Golondrina De Ojos Negros
gritenme piedras del campo	3	REC002213|REC002214|REC002215	Gritenme Piedras Del Campo|Gritenme Piedras Del Campo|Gritenme Piedras Del Campo
hermosas fuentes	3	REC002267|REC002268|REC002269	Hermosas Fuentes|Hermosas Fuentes|Hermosas Fuentes
hoja seca	3	REC002290|REC002291|REC002292	Hoja Seca|Hoja Seca|Hoja Seca
hoy podemos terminar	3	REC002306|REC002307|REC002308	Hoy Podemos Terminar|Hoy Podemos Terminar|Hoy Podemos Terminar
jacaranda	3	REC002364|REC002365|REC002366	Jacaranda|Jacaranda|Jacaranda
jamas	3	REC002371|REC002372|REC002373	Jamás|Jamás|Jamás
jarabe loco	3	REC002375|REC002376|REC002377	Jarabe Loco|Jarabe Loco|Jarabe Loco
jarabe tapatio	3	REC002380|REC002381|REC002382	Jarabe Tapatio|Jarabe Tapatio|Jarabe Tapatio
la adelita	3	REC002421|REC002422|REC002423	La Adelita|La Adelita|La Adelita
la barca de guaymas	3	REC002445|REC002446|REC002447	La Barca De Guaymas|La Barca De Guaymas|La Barca De Guaymas
la bruja	3	REC002456|REC005988|REC006185	La Bruja|20. La Bruja|La Bruja
la burrita	3	REC002459|REC002460|REC002461	La Burrita|La Burrita|La Burrita
la cacahuata	3	REC002462|REC002463|REC002464	La Cacahuata|La Cacahuata|La Cacahuata
la cucaracha	3	REC002527|REC002528|REC005659	La Cucaracha|La Cucaracha|La Cucaracha
la espiga	3	REC002553|REC002554|REC002555	La Espiga|La Espiga|La Espiga
la estampilla	3	REC002556|REC002557|REC002558	La Estampilla|La Estampilla|La Estampilla
la huella de mis besos	3	REC002594|REC002595|REC002596	La Huella De Mis Besos|La Huella De Mis Besos|La Huella De Mis Besos
la malaguena	3	REC002630|REC002631|REC002632	La Malagueña|La Malagueña|La Malagueña
la malora	3	REC002637|REC002638|REC002639	La Malora|La Malora|La Malora
la mancornadora	3	REC002642|REC002643|REC002644	La Mancornadora|La Mancornadora|La Mancornadora
la mariquita	3	REC002654|REC002655|REC002656	La Mariquita|La Mariquita|La Mariquita
la negra noche	3	REC002702|REC002703|REC002704	La Negra Noche|La Negra Noche|La Negra Noche
la pajarera	3	REC002724|REC002725|REC002726	La Pajarera|La Pajarera|La Pajarera
la palma	3	REC002727|REC002728|REC002729	La Palma|La Palma|La Palma
la parranda	3	REC002739|REC002740|REC002741	La Parranda|La Parranda|La Parranda
la petenera	3	REC002752|REC002753|REC002754	La Petenera|La Petenera|La Petenera
la que se fue	3	REC002778|REC002779|REC002780	La Que Se Fue|La Que Se Fue|La Que Se Fue
la raspa	3	REC002788|REC002789|REC002790	La Raspa|La Raspa|La Raspa
la suegra	3	REC002813|REC005955|REC006150	La Suegra|5. La Suegra|La Suegra
la ultima cancion	3	REC002834|REC002835|REC002836	La Ultima Cancion|La Ultima Cancion|La Ultima Cancion
la valentina	3	REC002844|REC002845|REC002846	La Valentina|La Valentina|La Valentina
la vaquilla	3	REC002847|REC002848|REC002849	La Vaquilla|La Vaquilla|La Vaquilla
lagrimas del alma	3	REC002878|REC002879|REC002880	Lagrimas Del Alma|Lagrimas Del Alma|Lagrimas Del Alma
laguna de pesares	3	REC002882|REC002883|REC002884	Laguna De Pesares|Laguna De Pesares|Laguna De Pesares
las golondrinas	3	REC002926|REC002927|REC002928	Las Golondrinas|Las Golondrinas|Las Golondrinas
las rejas no matan	3	REC002964|REC002965|REC002966	Las Rejas No Matan|Las Rejas No Matan|Las Rejas No Matan
limosnero de amor	3	REC002999|REC003000|REC003001	Limosnero De Amor|Limosnero De Amor|Limosnero De Amor
llegaste tarde	3	REC003018|REC003019|REC003020	Llegaste Tarde|Llegaste Tarde|Llegaste Tarde
los arrieros	3	REC003065|REC003066|REC003067	Los Arrieros|Los Arrieros|Los Arrieros
los gavilanes	3	REC003101|REC003102|REC003103	Los Gavilanes|Los Gavilanes|Los Gavilanes
maldita pobreza	3	REC003178|REC003179|REC003180	Maldita Pobreza|Maldita Pobreza|Maldita Pobreza
maldito abismo	3	REC003183|REC003184|REC003185	Maldito Abismo|Maldito Abismo|Maldito Abismo
marieta	3	REC003236|REC003237|REC003238	Marieta|Marieta|Marieta
maria luisa	3	REC003243|REC005802|REC005883	María Luísa|María Luisa|María Luisa
mexico lindo	3	REC003338|REC003339|REC003340	Mexico Lindo|Mexico Lindo|Mexico Lindo
mi casita de paja	3	REC003367|REC003368|REC003369	Mi Casita De Paja|Mi Casita De Paja|Mi Casita De Paja
mi gusto es	3	REC003395|REC003396|REC003397	Mi Gusto Es|Mi Gusto Es|Mi Gusto Es
mi tenampa	3	REC003446|REC003447|REC003448	Mi Tenampa|Mi Tenampa|Mi Tenampa
mi terruno	3	REC003449|REC003450|REC003451	Mi Terruño|Mi Terruño|Mi Terruño
modesta ayala	3	REC003506|REC003507|REC003508	Modesta Ayala|Modesta Ayala|Modesta Ayala
morir sonando	3	REC003524|REC003525|REC003526	Morir Soñando|Morir Soñando|Morir Soñando
mucho corazon	3	REC003533|REC003534|REC003535	Mucho Corazon|Mucho Corazón|Mucho Corazón
mujer	3	REC003542|REC003543|REC003544	Mujer|Mujer|Mujer
nana pancha	3	REC003590|REC003591|REC003592	Nana Pancha|Nana Pancha|Nana Pancha
negra linda	3	REC003598|REC003599|REC003600	Negra Linda|Negra Linda|Negra Linda
ni cuerpo ni corazon	3	REC003608|REC005944|REC006139	Ni Cuerpo Ni Corazon|14. Ni Cuerpo Ni Corazon|Ni Cuerpo Ni Corazon
ni el dinero ni nada	3	REC003609|REC003610|REC003611	Ni El Dinero Ni Nada|Ni El Dinero Ni Nada|Ni El Dinero Ni Nada
no dejes de quererme	3	REC003625|REC003626|REC003627	No Dejes De Quererme|No Dejes De Quererme|No Dejes De Quererme
no pidas mas perdon	3	REC003678|REC003679|REC003680	No Pidas Más Perdón|No Pidas Más Perdón|No Pidas Más Perdón
no puedo mas	3	REC003690|REC003691|REC003692	No Puedo Mas|No Puedo Mas|No Puedo Mas
nuevamente	3	REC003818|REC003819|REC005628	Nuevamente|Nuevamente|Nuevamente
ofrenda guadalupana	3	REC003833|REC003834|REC003835	Ofrenda Guadalupana|Ofrenda Guadalupana|Ofrenda Guadalupana
ojos tapatios	3	REC003853|REC003854|REC003855	Ojos Tapatios|Ojos Tapatios|Ojos Tapatios
paloma querida	3	REC003946|REC003947|REC003948	Paloma Querida|Paloma Querida|Paloma Querida
paso del norte	3	REC003982|REC003983|REC003984	Paso Del Norte|Paso Del Norte|Paso Del Norte
pecadora	3	REC003998|REC003999|REC004000	Pecadora|Pecadora|Pecadora
peso sobre peso	3	REC004053|REC004054|REC004055	Peso Sobre Peso|Peso Sobre Peso|Peso Sobre Peso
por que volviste	3	REC004144|REC004145|REC004146	Por Que Volviste|Por Que Volviste|Por Que Volviste
por una cara bonita	3	REC004179|REC004180|REC004181	Por Una Cara Bonita|Por Una Cara Bonita|Por Una Cara Bonita
prohibido	3	REC004232|REC004233|REC004234	Prohibido|Prohibido|Prohibido
puro amor	3	REC004257|REC004258|REC004259	Puro Amor|Puro Amor|Puro Amor
que bonito amor	3	REC004274|REC004275|REC004276	Que Bonito Amor|Que Bonito Amor|Que Bonito Amor
que me importa	3	REC004320|REC004321|REC004322	Que Me Importa|Que Me Importa|Que Me Importa
que milagro chaparrita	3	REC004329|REC004330|REC004331	Que Milagro Chaparrita|Que Milagro Chaparrita|Que Milagro Chaparrita
que murmuren	3	REC004334|REC004335|REC004336	Que Murmuren|Que Murmuren|Que Murmuren
que tanto es tantito	3	REC004373|REC004374|REC004375	Que Tanto Es Tantito|Que Tanto Es Tantito|Que Tanto Es Tantito
que te ha dado esa mujer	3	REC004379|REC004380|REC004381	Que Te Ha Dado Esa Mujer|Que Te Ha Dado esa Mujer|Que Te Ha Dado esa Mujer
quien sera	3	REC004413|REC004414|REC005551	Quien Sera|Quien Sera|Quién Será
quiereme mucho	3	REC004422|REC004423|REC005599	Quiereme Mucho|Quiereme Mucho|Quiéreme Mucho
quiero verte	3	REC004434|REC004435|REC004436	Quiero Verte|Quiero Verte|Quiero Verte
rio crecido	3	REC004505|REC004506|REC004507	Rio Crecido|Rio Crecido|Rio Crecido
rosa maria	3	REC004534|REC004535|REC005547	Rosa Maria|Rosa Maria|Rosa María
rosalia	3	REC004538|REC004539|REC004540	Rosalía|Rosalía|Rosalía
ruega por nosotros	3	REC004552|REC004553|REC004554	Ruega Por Nosotros|Ruega Por Nosotros|Ruega Por NosOtros
sabor a mi	3	REC004570|REC004571|REC004572	Sabor A Mi|Sabor A Mí|Sabor A Mí
serenata	3	REC004648|REC004649|REC004650	Serenata|Serenata|Serenata
serenata de amor	3	REC004651|REC004652|REC004653	Serenata De Amor|Serenata De Amor|Serenata De Amor
serenata en la noche	3	REC004654|REC004655|REC004656	Serenata En La Noche|Serenata En La Noche|Serenata En La Noche
serenata tapatia	3	REC004660|REC004661|REC004662	Serenata Tapatia|Serenata Tapatia|Serenata Tapatia
siempre hace frio	3	REC004695|REC004696|REC004697	Siempre Hace Frio|Siempre Hace Frio|Siempre Hace Frio
sin ella	3	REC004726|REC004727|REC004728	Sin Ella|Sin Ella|Sin Ella
sueno	3	REC004823|REC004824|REC004825	Sueño|Sueño|Sueño
te vas o te quedas	3	REC004931|REC004932|REC004933	Te Vas O Te Quedas|Te Vas O Te Quedas|Te Vas O Te Quedas
tecalitlan	3	REC004942|REC004943|REC004944	Tecalitlan|Tecalitlan|Tecalitlan
tengo celos	3	REC004952|REC005995|REC006192	Tengo Celos|7. Tengo Celos|Tengo Celos
tercia de ases	3	REC004965|REC004966|REC004967	Tercia De Ases|Tercia De Ases|Tercia De Ases
tierra mala	3	REC004984|REC004985|REC005526	Tierra Mala|Tierra Mala|Tierra Mala
toreando en jalisco	3	REC005016|REC005017|REC005018	Toreando En Jalisco|Toreando En Jalisco|Toreando En Jalisco
traidora	3	REC005031|REC005032|REC005033	Traidora|Traidora|Traidora
tres balas	3	REC005045|REC005046|REC005047	Tres Balas|Tres Balas|Tres Balas
tu y la mentira	3	REC005128|REC005129|REC005130	Tu Y La Mentira|Tu Y La Mentira|Tu Y La Mentira
veinte anos	3	REC005261|REC006006|REC006203	Veinte Años|18. Veinte Años|Veinte Años
venganza	3	REC005278|REC005279|REC005280	Venganza|Venganza|Venganza
y nuestro carino que	3	REC005371|REC005372|REC005373	Y Nuestro Cariño Que?|Y Nuestro Cariño Que?|Y Nuestro Cariño Que?
ya estaras jabon de olor	3	REC005383|REC005384|REC005385	Ya Estaras Jabon De Olor|Ya Estaras Jabon De Olor|Ya Estarás Jabon De Olor
ya lo pagaras con dios	3	REC005391|REC005392|REC005393	Ya Lo Pagarás Con Dios|Ya Lo Pagarás Con Dios|Ya Lo Pagarás Con Dios
ya no	3	REC005397|REC005398|REC005399	Ya No|Ya No|Ya No
yerba mala	3	REC005434|REC005435|REC005436	Yerba Mala|Yerba Mala|Yerba Mala
yo no fui	3	REC005453|REC005953|REC006148	Yo No Fui|3. Yo No Fui|Yo No Fui
yo vengo del norte	3	REC005486|REC005487|REC005488	Yo Vengo Del Norte|Yo Vengo Del Norte|Yo Vengo Del Norte
zacatecas	3	REC005493|REC005494|REC005495	Zacatecas|Zacatecas|Zacatecas
la cerveza	3	REC005639|REC005912|REC006106	La Cerveza|1. La Cerveza|La Cerveza
feliz nochebuena	3	REC005670|REC005935|REC006130	Feliz Nochebuena|5. Feliz Nochebuena|Feliz Nochebuena
ocho dias	3	REC005914|REC006017|REC006108	3. Ocho Dias|Ocho Dias|Ocho Dias
boquita de caramelo	3	REC005915|REC006019|REC006110	5. Boquita De Caramelo|Boquita De Caramelo|Boquita De Caramelo
me voy pa macondo	3	REC005916|REC006020|REC006111	6. Me Voy Pa Macondo|Me Voy Pa Macondo|Me Voy Pa Macondo
tabaco y ron	3	REC005917|REC006021|REC006112	7. Tabaco Y Ron|Tabaco Y Ron|Tabaco Y Ron
asi empezaron papa y mama	3	REC005918|REC006022|REC006113	8. Asi Empezaron Papa Y Mama|Asi Empezaron Papa Y Mama|Asi Empezaron Papa Y Mama
la conoci un domingo	3	REC005919|REC006023|REC006114	9. La Conoci Un Domingo|La Conoci Un Domingo|La Conoci Un Domingo
el papelito blanco	3	REC005920|REC006024|REC006115	10. El Papelito Blanco|El Papelito Blanco|El Papelito Blanco
olvidemos el pasado	3	REC005921|REC006025|REC006116	11. Olvidemos El Pasado|Olvidemos El Pasado|Olvidemos El Pasado
carinito	3	REC005922|REC006026|REC006117	12. Cariñito|Cariñito|Cariñito
fiesta en mi pueblo	3	REC005923|REC006027|REC006118	13. Fiesta En Mi Pueblo|Fiesta En Mi Pueblo|Fiesta En Mi Pueblo
ojitos hechiceros	3	REC005924|REC006028|REC006119	14. Ojitos Hechiceros|Ojitos Hechiceros|Ojitos Hechiceros
quiero que me des tu amor	3	REC005925|REC006029|REC006120	15. Quiero Que Me Des Tu Amor|Quiero Que Me Des Tu Amor|Quiero Que Me Des Tu Amor
los cien anos de macondo	3	REC005926|REC006030|REC006121	16. Los Cien Años De Macondo|Los Cien Años De Macondo|Los Cien Años De Macondo
vagabundo soy	3	REC005927|REC006031|REC006122	17. Vagabundo Soy|Vagabundo Soy|Vagabundo Soy
la colegiala	3	REC005928|REC006032|REC006123	18. La Colegiala|La Colegiala|La Colegiala
por favor olvidame	3	REC005929|REC006033|REC006124	19. Por Favor Olvidame|Por Favor Olvidame|Por Favor Olvidame
botellita de ron	3	REC005930|REC006034|REC006125	20. Botellita De Ron|Botellita De Ron|Botellita De Ron
adonay	3	REC005931|REC006035|REC006126	1. Adonay|Adonay|Adonay
el preso	3	REC005932|REC006036|REC006127	2. El Preso|El Preso|El Preso
daniela	3	REC005933|REC006037|REC006128	3. Daniela|Daniela|Daniela
los domingos	3	REC005934|REC006038|REC006129	4. Los Domingos|Los Domingos|Los Domingos
chan con chan	3	REC005936|REC006039|REC006131	6. Chan Con Chan|Chan Con Chan|Chan Con Chan
la misma vaina	3	REC005937|REC006040|REC006132	7. La Misma Vaina|La Misma Vaina|La Misma Vaina
cantares de navidad	3	REC005938|REC006041|REC006133	8. Cantares De Navidad|Cantares De Navidad|Cantares De Navidad
muchachita celosa	3	REC005939|REC006042|REC006134	9. Muchachita Celosa|Muchachita Celosa|Muchachita Celosa
entre que si y que no	3	REC005940|REC006043|REC006135	10. Entre Que Si Y Que No|Entre Que Si Y Que No|Entre Que Si Y Que No
agua de cu	3	REC005941|REC006044|REC006136	11. Agua De Cu|Agua De Cu|Agua De Cu
la cinta blanca	3	REC005942|REC006045|REC006137	12. La Cinta Blanca|La Cinta Blanca|La Cinta Blanca
enamorado	3	REC005943|REC006046|REC006138	13. Enamorado|Enamorado|Enamorado
adios adios corazon	3	REC005945|REC006047|REC006140	15. Adios Adios Corazon|Adios Adios Corazon|Adios Adios Corazon
pelaita	3	REC005946|REC006048|REC006141	16. Pelaita|Pelaita|Pelaita
sin corazon en el pecho	3	REC005947|REC006049|REC006142	17. Sin Corazon En El Pecho|Sin Corazon En El Pecho|Sin Corazon En El Pecho
carola	3	REC005948|REC006050|REC006143	18. Carola|Carola|Carola
la cunadita	3	REC005949|REC006051|REC006144	19. La Cuñadita|La Cuñadita|La Cuñadita
cara carita	3	REC005950|REC006052|REC006145	20. Cara Carita|Cara Carita|Cara Carita
el lunarcito	3	REC005951|REC006053|REC006146	1. El Lunarcito|El Lunarcito|El Lunarcito
dile	3	REC005952|REC006054|REC006147	2. Dile|Dile|Dile
perdido y borracho	3	REC005954|REC006055|REC006149	4. Perdido Y Borracho|Perdido Y Borracho|Perdido Y Borracho
donde estas mariana	3	REC005956|REC006056|REC006151	6. Donde Estas Mariana|Donde Estas Mariana|Donde Estas Mariana
ya para que	3	REC005957|REC006057|REC006152	7. Ya Para Que|Ya Para Que|Ya Para Que
penas por un amor	3	REC005958|REC006058|REC006153	8. Penas Por Un Amor|Penas Por Un Amor|Penas Por Un Amor
linda rosa	3	REC005959|REC006059|REC006154	9. Linda Rosa|Linda Rosa|Linda Rosa
que regrese	3	REC005960|REC006060|REC006156	11. Que Regrese|Que Regrese|Que Regrese
voy cantando	3	REC005961|REC006061|REC006157	12. Voy Cantando|Voy Cantando|Voy Cantando
el casado arrepentido	3	REC005962|REC006062|REC006158	13. El Casado Arrepentido|El Casado Arrepentido|El Casado Arrepentido
cumbia marinera	3	REC005963|REC006063|REC006159	14. Cumbia Marinera|Cumbia Marinera|Cumbia Marinera
el maestro	3	REC005964|REC006064|REC006160	15. El Maestro|El Maestro|El Maestro
el tizon	3	REC005965|REC006065|REC006161	16. El Tizon|El Tizon|El Tizon
manuelito barrios	3	REC005966|REC006066|REC006162	17. Manuelito Barrios|Manuelito Barrios|Manuelito Barrios
casi casi	3	REC005967|REC006067|REC006163	18. Casi Casi|Casi Casi|Casi Casi
entonces cuando	3	REC005968|REC006068|REC006164	19. Entonces Cuando|Entonces Cuando|Entonces Cuando
la bandolera	3	REC005969|REC006069|REC006165	20. La Bandolera|La Bandolera|La Bandolera
ya se marcho	3	REC005970|REC006070|REC006166	1. Ya Se Marcho|Ya Se Marcho|Ya Se Marcho
masculino y femenino	3	REC005971|REC006071|REC006167	2. Masculino Y Femenino|Masculino Y Femenino|Masculino Y Femenino
el cangrejito enamorado	3	REC005972|REC006072|REC006168	3. El Cangrejito Enamorado|El Cangrejito Enamorado|El Cangrejito Enamorado
se la llevo el tren	3	REC005973|REC006073|REC006169	4. Se La Llevo El Tren|Se La Llevo El Tren|Se La Llevo El Tren
lorenza	3	REC005974|REC006074|REC006170	5. Lorenza|Lorenza|Lorenza
linda muchachita	3	REC005975|REC006075|REC006171	6. Linda Muchachita|Linda Muchachita|Linda Muchachita
carita de cielo	3	REC005976|REC006076|REC006172	7. Carita De Cielo|Carita De Cielo|Carita De Cielo
amor por computadora	3	REC005977|REC006077|REC006173	8. Amor Por Computadora|Amor Por Computadora|Amor Por Computadora
la burra y la chiva	3	REC005978|REC006078|REC006174	9. La Burra Y La Chiva|La Burra Y La Chiva|La Burra Y La Chiva
mi cumbion	3	REC005979|REC006079|REC006175	10. Mi Cumbion|Mi Cumbion|Mi Cumbion
los algodones	3	REC005980|REC006081|REC006177	12. Los Algodones|Los Algodones|Los Algodones
el pescador triste	3	REC005981|REC006082|REC006178	13. El Pescador Triste|El Pescador Triste|El Pescador Triste
el telefono	3	REC005982|REC006083|REC006179	14. El Telefono|El Telefono|El Telefono
mi primavera	3	REC005983|REC006084|REC006180	15. Mi Primavera|Mi Primavera|Mi Primavera
la revancha	3	REC005984|REC006085|REC006181	16. La Revancha|La Revancha|La Revancha
cinturita de jabon	3	REC005985|REC006086|REC006182	17. Cinturita De Jabon|Cinturita De Jabon|Cinturita De Jabon
fiesta de cumpleanos	3	REC005986|REC006087|REC006183	18. Fiesta De Cumpleaños|Fiesta De Cumpleaños|Fiesta De Cumpleaños
el escorpion	3	REC005987|REC006088|REC006184	19. El Escorpion|El Escorpion|El Escorpion
que no quede huella	3	REC005989|REC006089|REC006186	1. Que No Quede Huella|Que No Quede Huella|Que No Quede Huella
no peliemos tanto	3	REC005990|REC006090|REC006187	2. No Peliemos Tanto|No Peliemos Tanto|No Peliemos Tanto
el lamento de tu voz	3	REC005991|REC006091|REC006188	3. El Lamento De Tu Voz|El Lamento De Tu Voz|El Lamento De Tu Voz
limoncito con ron	3	REC005992|REC006092|REC006189	4. Limoncito Con Ron|Limoncito Con Ron|Limoncito Con Ron
borremos el pasado	3	REC005993|REC006093|REC006190	5. Borremos El Pasado|Borremos El Pasado|Borremos El Pasado
el baile del brinquito	3	REC005994|REC006094|REC006191	6. El Baile Del Brinquito|El Baile Del Brinquito|El Baile Del Brinquito
brisa sala	3	REC005996|REC006095|REC006193	8. Brisa Sala|Brisa Sala|Brisa Sala
el ciclon	3	REC005997|REC006096|REC006194	9. El Ciclon|El Ciclon|El Ciclon
la hamaca raya	3	REC005999|REC006097|REC006196	11. La Hamaca Raya|La Hamaca Raya|La Hamaca Raya
se va la vida	3	REC006000|REC006098|REC006197	12. Se Va La Vida|Se Va La Vida|Se Va La Vida
muchachita del oriente	3	REC006001|REC006099|REC006198	13. Muchachita Del Oriente|Muchachita Del Oriente|Muchachita Del Oriente
ya voy hacia ti	3	REC006002|REC006100|REC006199	14. Ya Voy Hacia Ti|Ya Voy Hacia Ti|Ya Voy Hacia Ti
lindo clavelito	3	REC006003|REC006101|REC006200	15. Lindo Clavelito|Lindo Clavelito|Lindo Clavelito
negra candela	3	REC006004|REC006102|REC006201	16. Negra Candela|Negra Candela|Negra Candela
no me alcanza	3	REC006005|REC006103|REC006202	17. No Me Alcanza|No Me Alcanza|No Me Alcanza
la ladrona	3	REC006007|REC006104|REC006204	19. La Ladrona|La Ladrona|La Ladrona
provinciana	3	REC006008|REC006105|REC006205	20. Provinciana|Provinciana|Provinciana
a la guerra me llevan	2	REC000009|REC000010	A La Guerra Me Llevan|A La Guerra Me Llevan
a mano quedamos	2	REC000030|REC000031	A Mano Quedamos|A Mano Quedamos
a punto de llorar	2	REC000043|REC000044	A Punto De Llorar|A Punto De Llorar
a un corazon	2	REC000056|REC000057	A Un Corazón|A Un Corazón
aceptame	2	REC000069|REC000070	Aceptame|Aceptame
adelita	2	REC000076|REC000077	Adelita|Adelita
adios adios adios	2	REC000085|REC000104	Adios Adios Adios|Adios, Adios, Adios
adios mariquita linda	2	REC000089|REC000090	Adios Mariquita Linda|Adios Mariquita Linda
adorado tormento	2	REC000108|REC000109	Adorado Tormento|Adorado Tormento
aguanta corazon	2	REC000114|REC000115	Aguanta Corazón|Aguanta Corazón
al claro de la luna	2	REC000132|REC000133	Al Claro De La Luna|Al Claro De La Luna
al derecho y al reves	2	REC000136|REC000137	Al Derecho Y Al Reves|Al Derecho Y Al Reves
al morir la tarde	2	REC000141|REC000142	Al Morir La Tarde|Al Morir La Tarde
al pie de la montana	2	REC000144|REC000145	Al Pie De La Montaña|Al Pie De La Montaña
albricias	2	REC000154|REC000155	Albricias|Albricias
albur de amor	2	REC000157|REC000158	Albur De Amor|Albur De Amor
alevantate	2	REC000162|REC000163	Alevantate|Alevantate
alma llanera	2	REC000186|REC000187	Alma Llanera|Alma Llanera
alma torera	2	REC000190|REC000191	Alma Torera|Alma Torera
alma vacia	2	REC000192|REC000193	Alma Vacia|Alma Vacia
amaneci en tus brazos	2	REC000202|REC000203	Amaneci En Tus Brazos|Amaneci En Tus Brazos
amapola	2	REC000205|REC005518	Amapola|Amapola
amargado de la vida	2	REC000209|REC000210	Amargado De La Vida|Amargado De La Vida
amigo	2	REC000219|REC000220	Amigo|Amigo
amigo bajo el sol a la deriva	2	REC000221|REC000222	Amigo - Bajo El Sol A La Deriva|Amigo - Bajo El Sol A La Deriva
amor de locura	2	REC000241|REC000242	Amor De Locura|Amor De Locura
amor de mi vida	2	REC000248|REC000249	Amor De Mi Vida|Amor De Mi Vida
amor indio	2	REC000263|REC000264	Amor Indio|Amor Indio
amor ranchero	2	REC000272|REC000273	Amor Ranchero|Amor Ranchero
amorcito norteno	2	REC000298|REC000299	Amorcito Norteño|Amorcito Norteño
amores por correo	2	REC000301|REC000302	Amores Por Correo|Amores Por Correo
ando de luna de miel	2	REC000313|REC000314	Ando De Luna De Miel|Ando De Luna De Miel
aqui esta heraclio bernal	2	REC000361|REC000362	Aqui Esta Heraclio Bernal|Aqui Esta Heraclio Bernal
arandas	2	REC000364|REC000365	Arandas|Arandas
arpa vieja	2	REC000370|REC000371	Arpa Vieja|Arpa Vieja
arrepentida	2	REC000378|REC000379	Arrepentida|Arrepentida
asi es la vida	2	REC000397|REC000398	Asi Es La Vida|Asi Es La Vida
asi esta bien	2	REC000403|REC000404	Asi Esta Bien|Asi Esta Bien
asi se quiere en jalisco	2	REC000405|REC000406	Asi Se Quiere En Jalisco|Asi Se Quiere En Jalisco
asomate a mi alma	2	REC000411|REC000412	Asomate A Mi Alma|Asomate A Mi Alma
asomate a mi corazon	2	REC000413|REC000414	Asomate A Mi Corazon|Asomate A Mi Corazon
atardecer huasteco	2	REC000416|REC000417	Atardecer Huasteco|Atardecer Huasteco
atotonilco	2	REC000418|REC000419	Atotonilco|Atotonilco
aun se acuerda de mi	2	REC000420|REC000421	Aun Se Acuerda De Mi|Aun Se Acuerda De Mi
aunque tengas razon	2	REC000424|REC000425	Aunque Tengas Razon|Aunque Tengas Razon
ausencia eterna	2	REC000431|REC000432	Ausencia Eterna|Ausencia Eterna
ay amor	2	REC000448|REC000449	Ay! Amor|Ay! Amor
ay mi sombrero	2	REC000460|REC000461	Ay! Mi Sombrero|Ay! Mi Sombrero
bajo el cielo de jalisco	2	REC000474|REC000475	Bajo El Cielo De Jalisco|Bajo El Cielo De Jalisco
blanca	2	REC000525|REC000526	Blanca|Blanca
cafe colon	2	REC000562|REC000563	Cafe Colon|Cafe Colon
camino de guanajuato	2	REC000595|REC000596	Camino De Guanajuato|Camino De Guanajuato
camioncito flecha roja	2	REC000602|REC000603	Camioncito Flecha Roja|Camioncito Flecha Roja
cancion de un preso	2	REC000614|REC000615	Cancion De Un Preso|Cancion De Un Preso
cancion del alma	2	REC000616|REC000617	Cancion Del Alma|Cancion Del Alma
cantinero	2	REC000647|REC000648	Cantinero|Cantinero
caricia y herida	2	REC000660|REC000661	Caricia Y Herida|Caricia Y Herida
carino	2	REC000664|REC000665	Cariño|Cariño
carino verdad	2	REC000677|REC000678	Cariño Verdad|Cariño Verdad
carinosa	2	REC000679|REC000680	Cariñosa|Cariñosa
carmen	2	REC000684|REC000685	Carmen|Carmen
carta urgente	2	REC000699|REC000700	Carta Urgente|Carta Urgente
carta y contestacion de eufemia	2	REC000701|REC000702	Carta Y Contestacion De Eufemia|Carta Y Contestacion De Eufemia
cartucho quemado	2	REC000709|REC000710	Cartucho Quemado|Cartucho Quemado
casualidad	2	REC000714|REC000715	Casualidad|Casualidad
cerezo rosa	2	REC000725|REC000726	Cerezo Rosa|Cerezo Rosa
cerro la silla	2	REC000728|REC000729	Cerro La Silla|Cerro La Silla
chapultepec	2	REC000741|REC000742	Chapultepec|Chapultepec
cielito lindo huasteco	2	REC000761|REC000762	Cielito Lindo Huasteco|Cielito Lindo Huasteco
cielo azul cielo nublado	2	REC000764|REC000765	Cielo Azul Cielo Nublado|Cielo Azul, Cielo Nublado
comodin	2	REC000814|REC000815	Comodin|Comodin
con fecha de manana	2	REC000829|REC000830	Con Fecha De Mañana|Con Fecha De Mañana
con la misma moneda	2	REC000832|REC000833	Con La Misma Moneda|Con La Misma Moneda
con quien palabras	2	REC000841|REC000842	Con Quien Palabras|Con Quien Palabras?
con un polvo y otro polvo	2	REC000845|REC000846	Con Un Polvo Y Otro Polvo|Con Un Polvo Y Otro Polvo
confesion	2	REC000849|REC000850	Confesion|Confesion
confidencia de amor	2	REC000851|REC000852	Confidencia De Amor|Confidencia De Amor
contando billetes	2	REC000873|REC000874	Contando Billetes|Contando Billetes
copa tras copa	2	REC000883|REC000884	Copa Tras Copa|Copa Tras Copa
coplas guajiras	2	REC000890|REC000891	Coplas Guajiras|Coplas Guajiras
corazon corazon	2	REC000909|REC000914	Corazon, Corazon|Corazón Corazón
corrido a durango	2	REC000917|REC000918	Corrido A Durango|Corrido A Durango
corrido de chihuahua	2	REC000934|REC000935	Corrido De Chihuahua|Corrido De Chihuahua
corrido de durango	2	REC000939|REC000940	Corrido De Durango|Corrido De Durango
corrido de lopez mateos soy puro mexicano	2	REC000945|REC000946	Corrido de Lopez Mateos Soy Puro Mexicano|Corrido de Lopez Mateos Soy Puro Mexicano
corrido de monterrey	2	REC000951|REC000952	Corrido De Monterrey|Corrido De Monterrey
corrido de roberto herrera leon	2	REC000960|REC000961	Corrido de Roberto Herrera Leon|Corrido de Roberto Herrera Leon
corrido de simon blanco	2	REC000962|REC000963	Corrido De Simon Blanco|Corrido De Simon Blanco
corrido del agrarista	2	REC000967|REC000968	Corrido Del Agrarista|Corrido Del Agrarista
corriente y canelo	2	REC000980|REC000981	Corriente Y Canelo|Corriente Y Canelo
creo	2	REC000988|REC000989	Creo|Creo
cuando me pierdas	2	REC001019|REC001020	Cuando Me Pierdas|Cuando Me Pierdas
cuando me vaya de aqui	2	REC001021|REC001022	Cuando Me Vaya De Aquí|Cuando Me Vaya De Aquí
cuanto amor	2	REC001060|REC001061	Cuanto Amor|Cuanto Amor
culpable	2	REC001085|REC001086	Culpable|Culpable
cumbia arabe	2	REC001087|REC005636	Cumbia Arabe|Cumbia Árabe
cumbia sampuesana	2	REC001094|REC005649	Cumbia Sampuesana|Cumbia Sampuesana
de buena gana	2	REC001113|REC001114	De Buena Gana|De Buena Gana
de cigarro en cigarro	2	REC001116|REC001117	De Cigarro En Cigarro|De Cigarro En Cigarro
de mano en mano	2	REC001127|REC001128	De Mano En Mano|De Mano En Mano
de que vale llorar	2	REC001133|REC001134	De Que Vale Llorar|De Que Vale Llorar
de quien estas enamorada	2	REC001135|REC001136	De Quien Estas Enamorada|De Quien Estas Enamorada
declaracion	2	REC001146|REC001147	Declaracion|Declaracion
declarate inocente	2	REC001148|REC001149	Declarate Inocente|Declarate Inocente
definitivamente	2	REC001150|REC001151	Definitivamente|Definitivamente
deja de llorar	2	REC001152|REC001153	Deja De Llorar|Deja De Llorar
dejame quererte	2	REC001158|REC001159	Dejame Quererte|Dejame Quererte
del cielo cayo una rosa	2	REC001162|REC001163	Del Cielo Cayo Una Rosa|Del Cielo Cayo Una Rosa
delirio	2	REC001167|REC001168	Delirio|Delirio
despreciame si quieres	2	REC001194|REC001195	Despreciame Si Quieres|Despreciame Si Quieres
desprecio	2	REC001196|REC001197	Desprecio|Desprecio
devuelveme el corazon	2	REC001213|REC001214	Devuelveme El Corazon|Devuelveme El Corazon
di que no	2	REC001218|REC001219	Di Que No|Di Que No
dicen de ti	2	REC001223|REC001224	Dicen De Ti|Dicen De Ti
dicen que soy mujeriego	2	REC001225|REC001226	Dicen Que Soy Mujeriego|Dicen Que Soy Mujeriego
dime la verdad	2	REC001235|REC001236	Dime La Verdad|Dime La Verdad
donde estas juventud	2	REC001267|REC001268	Donde Estas Juventud|Donde Estas Juventud
dos caras	2	REC001281|REC001282	Dos Caras|Dos Caras
dos corazones	2	REC001283|REC001284	Dos Corazones|Dos Corazones
dos luceros	2	REC001292|REC001293	Dos Luceros|Dos Luceros
dos palomas al volar	2	REC001297|REC001298	Dos Palomas Al Volar|Dos Palomas Al Volar
doscientas horas de vuelo	2	REC001301|REC001302	Doscientas Horas De Vuelo|Doscientas Horas De Vuelo
durango durango	2	REC001311|REC001312	Durango, Durango|Durango, Durango
el apagon	2	REC001363|REC001364	El Apagon|El Apagon
el arreo	2	REC001366|REC001367	El Arreo|El Arreo
el barzon	2	REC001382|REC001383	El Barzón|El Barzón
el becerro	2	REC001384|REC001385	El Becerro|El Becerro
el bejuquito	2	REC001386|REC001387	El Bejuquito|El Bejuquito
el borracho	2	REC001395|REC001396	El Borracho|El Borracho
el boxeador	2	REC001399|REC001400	El Boxeador|El Boxeador
el caiman	2	REC001431|REC001432	El Caimán|El Caimán
el callao	2	REC001433|REC001434	El Callao|El Callao
el campaneo	2	REC001437|REC001438	El Campaneo|El Campaneo
el canelo	2	REC001441|REC001442	El Canelo|El Canelo
el cantador	2	REC001443|REC001444	El Cantador|El Cantador
el carro del sol	2	REC001456|REC001457	El Carro Del Sol|El Carro Del Sol
el cataza	2	REC001463|REC001464	El Cataza|El Cataza
el circo	2	REC001481|REC001482	El Circo|El Circo
el conejo	2	REC001498|REC001499	El Conejo|El Conejo
el corazon engana	2	REC001502|REC001503	El Corazon Engaña|El Corazon Engaña
el corrido de nayarit	2	REC001509|REC001510	El Corrido De Nayarit|El Corrido De Nayarit
el costeno	2	REC001517|REC001518	El Costeño|El Costeño
el coyote	2	REC001520|REC001521	El Coyote|El Coyote
el diablo	2	REC001558|REC001559	El Diablo|El Diablo
el dos negro	2	REC001568|REC001569	El Dos Negro|El Dos Negro
el falsete de mi tierra	2	REC001579|REC001580	El Falsete De Mi Tierra|El Falsete De Mi Tierra
el fuereno	2	REC001589|REC001590	El Fuereño|El Fuereño
el gallo	2	REC001592|REC001593	El Gallo|El Gallo
el gorgorello	2	REC001610|REC001611	El Gorgorello|El Gorgorello
el gorra prieta	2	REC001612|REC001613	El Gorra Prieta|El Gorra Prieta
el gusto	2	REC001624|REC001625	El Gusto|El Gusto
el hidalguense	2	REC001631|REC001632	El Hidalguense|El Hidalguense
el jabali	2	REC001655|REC001656	El Jabalí|El Jabalí
el jacal	2	REC001657|REC001658	El Jacal|El Jacal
el jarrito	2	REC001667|REC001668	El Jarrito|El Jarrito
el lechero	2	REC001679|REC001680	El Lechero|El Lechero
el lilongo	2	REC001683|REC001684	El Lilongo|El Lilongo
el mata cuervos	2	REC001705|REC001706	El Mata Cuervos|El Mata Cuervos
el mil amores	2	REC001709|REC001710	El Mil Amores|El Mil Amores
el mocho lencho	2	REC001713|REC001714	El Mocho Lencho|El Mocho Lencho
el muchacho alegre	2	REC001724|REC001725	El Muchacho Alegre|El Muchacho Alegre
el muneco de cuerda	2	REC001733|REC001734	El Muñeco De Cuerda|El Muñeco De Cuerda
el novillo despuntado	2	REC001736|REC001737	El Novillo Despuntado|El Novillo Despuntado
el pajaro carpintero	2	REC001748|REC001749	El Pajaro Carpintero|El Pajaro Carpintero
el panadero	2	REC001757|REC001758	El Panadero|El Panadero
el panza larga	2	REC001759|REC001760	El Panza Larga|El Panza Larga
el parrandero	2	REC001763|REC005850	El Parrandero|El Parrandero
el pasajero	2	REC001766|REC001767	El Pasajero|El Pasajero
el perdiguero	2	REC001776|REC001777	El Perdiguero|El Perdiguero
el piojo y la pulga	2	REC001782|REC001783	El Piojo Y La Pulga|El Piojo Y La Pulga
el preso numero nueve	2	REC001792|REC001793	El Preso Numero Nueve|El Preso Numero Nueve
el pavido navido	2	REC001800|REC001801	El Pávido Návido|El Pávido Návido
el quelite	2	REC001802|REC001803	El Quelite|El Quelite
el rascapetate	2	REC001818|REC001819	El Rascapetate|El Rascapetate
el reacatan	2	REC001821|REC001822	El Reacatan|El Reacatan
el rebozo	2	REC001826|REC001827	El Rebozo|El Rebozo
el riflero	2	REC001840|REC001841	El Riflero|El Riflero
el rostro mio	2	REC001844|REC001845	El Rostro Mío|El Rostro Mío
el sauce y la palma	2	REC001850|REC001851	El Sauce Y La Palma|El Sauce Y La Palma
el sinverguenza	2	REC001858|REC001859	El Sinverguenza|El Sinverguenza
el soldado de levita	2	REC001865|REC001866	El Soldado De Levita|El Soldado De Levita
el taconcito	2	REC001879|REC001880	El Taconcito|El Taconcito
el tejano enamorado	2	REC001885|REC001886	El Tejano Enamorado|El Tejano Enamorado
el tejocote verde	2	REC001887|REC001888	El Tejocote Verde|El Tejocote Verde
el tilingo lingo	2	REC001893|REC001894	El Tilingo-Lingo|El Tilingo-Lingo
el torito jarocho	2	REC001899|REC001900	El Torito Jarocho|El Torito Jarocho
el toro huasteco	2	REC001904|REC001905	El Toro Huasteco|El Toro Huasteco
el toro y la luna	2	REC001909|REC001910	El Toro Y La Luna|El Toro Y La Luna
el tren	2	REC001913|REC001914	El Tren|El Tren
el trovador norteno	2	REC001919|REC001920	El Trovador Norteño|El Trovador Norteño
el ultimo albur	2	REC001923|REC001924	El Ultimo Albur|El Ultimo Albur
el ultimo aviso	2	REC001925|REC001926	El Ultimo Aviso|El Ultimo Aviso
el volador	2	REC001939|REC001940	El Volador|El Volador
en mi mesa favorita	2	REC001982|REC001983	En Mi Mesa Favorita|En Mi Mesa Favorita
en que quedamos por fin	2	REC001987|REC001988	En Que Quedamos Por Fin|En Que Quedamos Por Fin
enamorado perdido	2	REC002001|REC002002	Enamorado Perdido|Enamorado Perdido
es amor	2	REC002027|REC002028	Es Amor|Es Amor
es puro cuento	2	REC002037|REC002038	Es Puro Cuento|Es Puro Cuento
esa es la puerta	2	REC002040|REC002041	Esa Es La Puerta|Esa Es La Puerta
escandolo	2	REC002044|REC002045	Escandolo|Escandolo
espada de oro	2	REC002055|REC002056	Espada De Oro|Espada De Oro
espana mi bella espana	2	REC002058|REC002059	España, Mi Bella Espana|España, Mi Bella España
espejismo de un bracero	2	REC002062|REC002063	Espejismo De Un Bracero|Espejismo De Un Bracero
espera	2	REC002065|REC002066	Espera|Espera
espinita	2	REC002073|REC002074	Espinita|Espinita
esta sellado	2	REC002082|REC002083	Esta Sellado|Esta Sellado
esta situacion	2	REC002084|REC002085	Esta Situacion|Esta Situacion
esta tarde vi llover	2	REC002086|REC002087	Esta Tarde Vi Llover|Esta Tarde Vi Llover
estoy llorando	2	REC002097|REC002098	Estoy Llorando|Estoy Llorando
eternamente mia	2	REC002105|REC002106	Eternamente Mia|Eternamente Mia
falsa moneda	2	REC002114|REC002115	Falsa Moneda|Falsa Moneda
farolito	2	REC002121|REC002122	Farolito|Farolito
farsante y mentiroso	2	REC002123|REC002124	Farsante Y Mentiroso|Farsante Y Mentiroso
fatalidad	2	REC002125|REC002126	Fatalidad|Fatalidad
fiesta huasteca	2	REC002132|REC002133	Fiesta Huasteca|Fiesta Huasteca
flor silvestre	2	REC002142|REC002143	Flor Silvestre|Flor Silvestre
florecita	2	REC002149|REC002150	Florecita|Florecita
flores negras	2	REC002152|REC002153	Flores Negras|Flores Negras
frente a frente	2	REC002158|REC002159	Frente A Frente|Frente A Frente
golondrina presumida	2	REC002187|REC002188	Golondrina Presumida|Golondrina Presumida
gozar y gozar	2	REC002202|REC002203	Gozar Y Gozar|Gozar Y Gozar
gracias a dios	2	REC002205|REC002206	Gracias A Dios|Gracias A Dios
gracias mi amor	2	REC002207|REC002208	Gracias Mi Amor|Gracias Mi Amor
granada	2	REC002209|REC002210	Granada|Granada
grito prisionero	2	REC002217|REC002218	Grito Prisionero|Grito Prisionero
guitarras de media noche	2	REC002228|REC002229	Guitarras De Media Noche|Guitarras De Media Noche
guitarras lloren guitarras	2	REC002230|REC002231	Guitarras Lloren Guitarras|Guitarras, Lloren Guitarras
hace tres lunas	2	REC002234|REC002235	Hace Tres Lunas|Hace Tres Lunas
hace un ano	2	REC002236|REC002237	Hace Un Año|Hace Un Año
haciendo chuza	2	REC002239|REC002240	Haciendo Chuza|Haciendo Chuza
hasta luego	2	REC002252|REC002253	Hasta Luego|Hasta Luego
hay que saber perder	2	REC002256|REC002257	Hay Que Saber Perder|Hay Que Saber Perder
hilos de plata	2	REC002281|REC002282	Hilos De Plata|Hilos De Plata
hojita verde	2	REC002293|REC002294	Hojita Verde|Hojita Verde
homenaje a pedro infante	2	REC002299|REC002300	Homenaje A Pedro Infante|Homenaje A Pedro Infante
humanidad	2	REC002317|REC002318	Humanidad|Humanidad
indita mia	2	REC002339|REC002340	Indita Mia|Indita Mia
ingrato chaparro	2	REC002346|REC002347	Ingrato Chaparro|Ingrato Chaparro
inolvidable	2	REC002351|REC002352	Inolvidable|Inolvidable
inutilmente	2	REC002358|REC002359	Inutilmente|Inutilmente
jesus cadena	2	REC002384|REC002385	Jesus Cadena|Jesus Cadena
jesusita en chihuahua	2	REC002387|REC002388	Jesusita En Chihuahua|Jesusita En Chihuahua
juan charrasqueado	2	REC002397|REC002398	Juan Charrasqueado|Juan Charrasqueado
juntos los dos	2	REC002413|REC002414	Juntos Los Dos|Juntos Los Dos
la azucena	2	REC002429|REC002430	La Azucena|La Azucena
la bella extrana	2	REC002451|REC002452	La Bella Extraña|La Bella Extraña
la capsula	2	REC002485|REC002486	La Capsula|La Capsula
la carreta	2	REC002488|REC002489	La Carreta|La Carreta
la casita	2	REC002490|REC002491	La Casita|La Casita
la cautela	2	REC002492|REC002493	La Cautela|La Cautela
la chancla	2	REC002496|REC002497	La Chancla|La Chancla
la chapucera	2	REC002500|REC002501	La Chapucera|La Chapucera
la chispita	2	REC002506|REC002507	La Chispita|La Chispita
la cucaracha vive	2	REC002529|REC002530	La Cucaracha Vive|La Cucaracha Vive
la cumparsita	2	REC002533|REC005592	La Cumparsita|La Cumparsita
la hiedra	2	REC002587|REC002588	La Hiedra|La Hiedra
la hilacha	2	REC002589|REC002590	La Hilacha|La Hilacha
la huasanga	2	REC002591|REC002592	La Huasanga|La Huasanga
la iglesia de mi barrio	2	REC002597|REC002598	La Iglesia De Mi Barrio|La Iglesia De Mi Barrio
la igualada	2	REC002599|REC002600	La Igualada|La Igualada
la jaranera	2	REC002605|REC002606	La Jaranera|La Jaranera
la joven mancornadora	2	REC002608|REC002609	La Joven Mancornadora|La Joven Mancornadora
la leva	2	REC002610|REC002611	La Leva|La Leva
la llorona	2	REC002614|REC002615	La Llorona|La Llorona
la lola	2	REC002618|REC002619	La Lola|La Lola
la luna y el toro	2	REC002621|REC002622	La Luna Y El Toro|La Luna Y El Toro
la madre del cordero	2	REC002624|REC002625	La Madre Del Cordero|La Madre Del Cordero
la mal casada	2	REC002627|REC002628	La Mal Casada|La Mal Casada
la marimba	2	REC002651|REC002652	La Marimba|La Marimba
la medallita	2	REC002659|REC002660	La Medallita|La Medallita
la modesta	2	REC002667|REC002668	La Modesta|La Modesta
la morena	2	REC002673|REC002674	La Morena|La Morena
la mosca	2	REC002675|REC002676	La Mosca|La Mosca
la noche y tu	2	REC002713|REC002714	La Noche Y Tu|La Noche Y Tu
la nortenita	2	REC002715|REC002716	La Norteñita|La Norteñita
la novia del torero	2	REC002717|REC002718	La Novia Del Torero|La Novia Del Torero
la paloma	2	REC002730|REC002731	La Paloma|La Paloma
la piedra	2	REC002756|REC002757	La Piedra|La Piedra
la presentida	2	REC002767|REC002768	La Presentida|La Presentida
la primavera	2	REC002770|REC002771	La Primavera|La Primavera
la puerta negra	2	REC002774|REC002775	La Puerta Negra|La Puerta Negra
la pulquera	2	REC002776|REC002777	La Pulquera|La Pulquera
la rafailita	2	REC002783|REC002784	La Rafailita|La Rafailita
la revolcada	2	REC002794|REC002795	La Revolcada|La Revolcada
la rielera	2	REC002797|REC002798	La Rielera|La Rielera
la sirena	2	REC002808|REC002809	La Sirena|La Sirena
la tequilera	2	REC002818|REC002819	La Tequilera|La Tequilera
la tertulia	2	REC002820|REC002821	La Tertulia|La Tertulia
la traidora	2	REC002829|REC002830	La Traidora|La Traidora
la ultima noche	2	REC002837|REC002838	La Ultima Noche|La Ultima Noche
la ultima vez	2	REC002839|REC002840	La Ultima Vez|La Ultima Vez
la vaca lechera	2	REC002842|REC002843	La Vaca Lechera|La Vaca Lechera
la verdolaga	2	REC002854|REC002855	La Verdolaga|La Verdolaga
la vieja	2	REC002861|REC002862	La Vieja|La Vieja
la virgen de la macarena	2	REC002866|REC002867	La Virgen De La Macarena|La Virgen De La Macarena
lamento en las montanas	2	REC002888|REC002889	Lamento En Las Montañas|Lamento En Las Montañas
lampara sin luz	2	REC002895|REC002896	Lampara Sin Luz|Lampara Sin Luz
las abandonadas	2	REC002897|REC002898	Las Abandonadas|Las Abandonadas
las bicicletas	2	REC002901|REC002902	Las Bicicletas|Las Bicicletas
las comadres	2	REC002911|REC002912	Las Comadres|Las Comadres
las conchitas	2	REC002913|REC002914	Las Conchitas|Las Conchitas
las copas del olvido	2	REC002915|REC002916	Las Copas Del Olvido|Las Copas Del Olvido
las copetonas	2	REC002917|REC002918	Las Copetonas|Las Copetonas
las coronelas	2	REC002919|REC002920	Las Coronelas|Las Coronelas
las horas negras	2	REC002930|REC002931	Las Horas Negras|Las Horas Negras
las isabeles	2	REC002932|REC002933	Las Isabeles|Las Isabeles
las leyes del mundo	2	REC002937|REC002938	Las Leyes Del Mundo|Las Leyes Del Mundo
las otras mananitas	2	REC002957|REC002958	Las Otras Mañanitas|Las Otras Mañanitas
las tres hermanas	2	REC002971|REC002972	Las Tres Hermanas|Las Tres Hermanas
las tres huastecas	2	REC002973|REC002974	Las Tres Huastecas|Las Tres Huastecas
ley del amor	2	REC002983|REC002984	Ley Del Amor|Ley Del Amor
lena de pirul	2	REC002985|REC002986	Leña De Pirul|Leña De Pirul
limosna de un hijo	2	REC002997|REC002998	Limosna De Un Hijo|Limosna De Un Hijo
lirios y rosas	2	REC003008|REC003009	Lirios Y Rosas|Lirios Y Rosas
llorar llorar	2	REC003036|REC003037	Llorar, Llorar|Llorar, Llorar
llore por un amor	2	REC003039|REC003040	Llore Por Un Amor|Llore Por Un Amor
lo nuestro se acabo	2	REC003047|REC003048	Lo Nuestro Se Acabo|Lo Nuestro Se Acabo
lo que paso volo	2	REC003053|REC003054	Lo Que Paso Volo|Lo Que Paso Volo
loca pasion	2	REC003059|REC003060	Loca Pasion|Loca Pasion
los barrandales del puente	2	REC003068|REC003069	Los Barrandales Del Puente|Los Barrandales Del Puente
los canarios	2	REC003080|REC003081	Los Canarios|Los Canarios
los caracoles	2	REC003082|REC003083	Los Caracoles|Los Caracoles
los desenganos	2	REC003087|REC003088	Los Desengaños|Los Deseñganos
los dos barriles	2	REC003092|REC003093	Los Dos Barriles|Los Dos Barriles
los dos perdimos	2	REC003098|REC003099	Los Dos Perdimos|Los Dos Perdimos
los girasoles	2	REC003104|REC003105	Los Girasoles|Los Girasoles
los magueyes	2	REC003116|REC003117	Los Magueyes|Los Magueyes
los pinos	2	REC003124|REC003125	Los Pinos|Los Pinos
los tarzanes	2	REC003127|REC003128	Los Tarzanes|Los Tarzanes
madrecita bonita	2	REC003155|REC003156	Madrecita Bonita|Madrecita Bonita
mal correspondido	2	REC003163|REC003164	Mal Correspondido|Mal Correspondido
mal de amores	2	REC003165|REC003166	Mal De Amores|Mal De Amores
mal hombre	2	REC003167|REC005615	Mal Hombre|Mal Hombre
mala suerte	2	REC003175|REC003176	Mala Suerte|Mala Suerte
mama lupita	2	REC003193|REC003194	Mama Lupita|Mama Lupita
mar y cielo	2	REC003211|REC003212	Mar Y Cielo|Mar Y Cielo
maria la bandida	2	REC003227|REC003228	Maria La Bandida|Maria La Bandida
maria teresa	2	REC003231|REC005539	Maria Teresa|María Teresa
matame	2	REC003246|REC003247	Matame|Matame
mazatlan	2	REC003250|REC003251	Mazatlan|Mazatlan
manana	2	REC003252|REC003253	Mañana|Mañana
me aconseja el corazon	2	REC003263|REC003264	Me Aconseja El Corazon|Me Aconseja El Corazon
me dices que te vas	2	REC003267|REC003268	Me Dices Que Te Vas|Me Dices Que Te Vas
me equivoque contigo	2	REC003273|REC003274	Me Equivoque Contigo|Me Equivoque Contigo
me estan robando	2	REC003276|REC003277	Me Estan Robando|Me Estan Robando
me hiciste dano	2	REC003289|REC003290	Me Hiciste Daño|Me Hiciste Daño
me quede llorando	2	REC003302|REC003303	Me Quede Llorando|Me Quede Llorando
me voy lejos	2	REC003315|REC003316	Me Voy Lejos|Me Voy Lejos
me voy para no volver	2	REC003318|REC003319	Me Voy Para No Volver|Me Voy Para No Volver
mejor pa mi	2	REC003325|REC003326	Mejor Pa’ Mi|Mejor Pa’ Mi
mi cafetal	2	REC003354|REC003355	Mi Cafetal|Mi Cafetal
mi carcajada	2	REC003357|REC003358	Mi Carcajada|Mi Carcajada
mi consentida	2	REC003375|REC003376	Mi Consentida|Mi Consentida
mi grito	2	REC003391|REC003392	Mi Grito|Mi Grito
mi guitarra y yo	2	REC003393|REC003394	Mi Guitarra Y Yo|Mi Guitarra Y Yo
mi locura	2	REC003404|REC003405	Mi Locura|Mi Locura
mi mundo feliz	2	REC003410|REC003411	Mi Mundo Feliz|Mi Mundo Feliz
mi patria es lo primero	2	REC003420|REC003421	Mi Patria Es Lo Primero|Mi Patria Es Lo Primero
mi pena	2	REC003424|REC003425	Mi Pena|Mi Pena
mi preferida	2	REC003434|REC003435	Mi Preferida|Mi Preferida
mi querer	2	REC003436|REC003437	Mi Querer|Mi Querer
mi tierra	2	REC003452|REC003453	Mi Tierra|Mi Tierra
mi ultima carta	2	REC003458|REC003459	Mi Ultima Carta|Mi Ultima Carta
mi ultimo fracaso	2	REC003461|REC003462	Mi Ultimo Fracaso|Mi Ultimo Fracaso
mi ultimo refugio	2	REC003463|REC003464	Mi Ultimo Refugio|Mi Ultimo Refugio
mi vaca lechera	2	REC003467|REC003468	Mi Vaca Lechera|Mi Vaca Lechera
mia	2	REC003475|REC003476	Mia|Mia
mientras tenga corazon	2	REC003481|REC003482	Mientras Tenga Corazon|Mientras Tenga Corazon
mil penas	2	REC003486|REC003487	Mil Penas|Mil Penas
milagro de amor	2	REC003490|REC003491	Milagro De Amor|Milagro De Amor
mira nada mas	2	REC003493|REC003494	Mira Nada Mas|Mira Nada Mas
mira que eres linda	2	REC003495|REC005626	Mira Que Eres Linda|Mira Que Eres Linda
mis tinieblas	2	REC003503|REC003504	Mis Tinieblas|Mis Tinieblas
mojarrita de agua dulce	2	REC003509|REC003510	Mojarrita De Agua Dulce|Mojarrita De Agua Dulce
morena	2	REC003514|REC003515	Morena|Morena
morir por tu amor	2	REC003522|REC003523	Morir Por Tu Amor|Morir Por Tu Amor
muchos besos	2	REC003537|REC003538	Muchos Besos|Muchos Besos
nacho bernal	2	REC003572|REC003573	Nacho Bernal|Nacho Bernal
nada gano con quererte	2	REC003581|REC003582	Nada Gano Con Quererte|Nada Gano Con Quererte
nada paso	2	REC003585|REC003586	Nada Paso|Nada Paso
no	2	REC003621|REC003622	No|No
no llorare	2	REC003641|REC003642	No Llorare|No Llorare
no niegues que me quisiste	2	REC003676|REC003677	No Niegues Que Me Quisiste|No Niegues Que Me Quisiste
no puede ser	2	REC003685|REC003686	No Puede Ser|No Puede Ser
no puedo olvidarte	2	REC003696|REC003697	No Puedo Olvidarte|No Puedo Olvidarte
no soy feliz	2	REC003719|REC003720	No Soy Feliz|No Soy Feliz
no soy monedita de oro	2	REC003722|REC003723	No Soy Monedita De Oro|No Soy Monedita De Oro
no te quiero ver	2	REC003734|REC003735	No Te Quiero Ver|No Te Quiero Ver
no te vayas	2	REC003736|REC003737	No Te Vayas|No Te Vayas
no tiene la culpa el indio	2	REC003742|REC003743	No Tiene La Culpa El Indio|No Tiene La Culpa El Indio
no vale la pena	2	REC003746|REC003747	No Vale La Pena|No Vale La Pena
nobleza	2	REC003763|REC003764	Nobleza|Nobleza
noche azul	2	REC003767|REC003768	Noche Azul|Noche Azul
noche criolla	2	REC003770|REC003771	Noche Criolla|Noche Criolla
noche de ronda	2	REC003772|REC003773	Noche De Ronda|Noche De Ronda
noche y dia	2	REC003776|REC003777	Noche Y Dia|Noche Y Dia
nochecita	2	REC003778|REC003779	Nochecita|Nochecita
nochecitas mexicanas	2	REC003780|REC003781	Nochecitas Mexicanas|Nochecitas Mexicanas
noches tenebrosas	2	REC003782|REC003783	Noches Tenebrosas|Noches Tenebrosas
nosotros	2	REC003794|REC003795	Nosotros|Nosotros
nube gris	2	REC003799|REC003800	Nube Gris|Nube Gris
nubes bajas	2	REC003802|REC003803	Nubes Bajas|Nubes Bajas
nuestro abismo	2	REC003807|REC003808	Nuestro Abismo|Nuestro Abismo
nuestro gran amor	2	REC003811|REC003812	Nuestro Gran Amor|Nuestro Gran Amor
ojitos de capullito	2	REC003841|REC003842	Ojitos De Capullito|Ojitos De Capullito
ojitos negros y chinos	2	REC003845|REC003846	Ojitos Negros Y Chinos|Ojitos Negros Y Chinos
ojos tristes	2	REC003856|REC003857	Ojos Tristes|Ojos Tristes
oracion caribe	2	REC003872|REC003873	Oracion Caribe|Oracion Caribe
orfeo negro	2	REC003875|REC003876	Orfeo Negro|Orfeo Negro
orgullo	2	REC003877|REC003878	Orgullo|Orgullo
orgullo ranchero	2	REC003881|REC003882	Orgullo Ranchero|Orgullo Ranchero
otra vez me enamore	2	REC003892|REC003893	Otra Vez Me Enamoré|Otra Vez Me Enamoré
oye vale	2	REC003899|REC003900	Oye Vale|Oye Vale
palabras de mujer	2	REC003918|REC003919	Palabras De Mujer|Palabras De Mujer
paloma consentida	2	REC003929|REC003930	Paloma Consentida|Paloma Consentida
paloma herida	2	REC003937|REC003938	Paloma Herida|Paloma Herida
palomita mensajera	2	REC003951|REC003952	Palomita Mensajera|Palomita Mensajera
para el ano dos mil	2	REC003957|REC003958	Para El Año Dos Mil|Para El Año Dos Mil
para morir iguales	2	REC003961|REC003962	Para Morir Iguales|Para Morir Iguales
pa que sientas lo que siento	2	REC003991|REC003992	Pa’ Que Sientas Lo Que Siento|Pa’ Que Sientas Lo Que Siento
pa todo el ano	2	REC003995|REC003996	Pa’ Todo El Año|Pa’ Todo El Año
pelea de gallos	2	REC004007|REC004008	Pelea De Gallos|Pelea De Gallos
penitencia	2	REC004012|REC004013	Penitencia|Penitencia
pepillo sanchez	2	REC004021|REC004022	Pepillo Sanchez|Pepillo Sanchez
pequeno ciclon	2	REC004024|REC004025	Pequeño Ciclon|Pequeño Ciclon
perdon mujer	2	REC004028|REC004029	Perdon Mujer|Perdon Mujer
perdon no pido	2	REC004030|REC004031	Perdon No Pido|Perdon No Pido
perdona mi falsedad	2	REC004033|REC004034	Perdona Mi Falsedad|Perdona Mi Falsedad
perlita	2	REC004042|REC004043	Perlita|Perlita
piel canela	2	REC004062|REC004063	Piel Canela|Piel Canela
piensa en mi	2	REC004065|REC004066	Piensa En Mi|Piensa En Mi
plegaria guadalupana	2	REC004076|REC004077	Plegaria Guadalupana|Plegaria Guadalupana
por adorarte	2	REC004102|REC004103	Por Adorarte|Por Adorarte
por la vuelta	2	REC004122|REC004123	Por La Vuelta|Por La Vuelta
por maldicion	2	REC004124|REC004125	Por Maldición|Por Maldición
por nada de esta vida	2	REC004127|REC004128	Por Nada De Esta Vida|Por Nada De Esta Vida
por que te vas	2	REC004142|REC004143	Por Que Te Vas|Por Que Te Vas
por si me olvidas	2	REC004152|REC004153	Por Si Me Olvidas|Por Si Me Olvidas
por ti	2	REC004155|REC004156	Por Ti|Por Ti
por una mujer	2	REC004183|REC004184	Por Una Mujer|Por Una Mujer
pos cui cui ri	2	REC004194|REC004195	Pos Cui-Cui-Ri|Pos Cui-Cui-Ri
prenda del alma	2	REC004207|REC005596	Prenda Del Alma|Prenda del Alma
presumida	2	REC004214|REC004215	Presumida|Presumida
prietita linda	2	REC004217|REC004218	Prietita Linda|Prietita Linda
primeramente dios	2	REC004222|REC004223	Primeramente Dios|Primeramente Dios
pronto tendras que pagar	2	REC004235|REC004236	Pronto Tendras Que Pagar|Pronto Tendras Que Pagar
puchando troques	2	REC004238|REC004239	Puchando Troques|Puchando Troques
pura tapatia	2	REC004254|REC004255	Pura Tapatia|Pura Tapatia
que bello es veracruz	2	REC004268|REC004269	Que Bello Es Veracruz|Que Bello Es Veracruz
que bonito es el amor	2	REC004277|REC004278	Que Bonito Es El Amor|Que Bonito Es El Amor
que bonito que bonito	2	REC004281|REC004282	Que Bonito Que Bonito|Que Bonito, Que Bonito
que digan misa	2	REC004289|REC004290	Que Digan Misa|Que Digan Misa
que hombre tan simpatico	2	REC004302|REC004303	Que Hombre Tan Simpatico|Que Hombre Tan Simpatico
que padre es la vida	2	REC004342|REC004343	Que Padre Es La Vida|Que Padre Es La Vida
que si que no	2	REC004366|REC004368	Que Si Que No|Que Si, Que No
que te cuesta	2	REC004376|REC004377	Que Te Cuesta|Que Te Cuesta
que te parece	2	REC004383|REC004384	Que Te Parece|Que Te Parece
que te pasa corazon	2	REC004387|REC004388	Que Te Pasa Corazon|Que Te Pasa Corazon
que te vaya bien	2	REC004389|REC004390	Que Te Vaya Bién|Que Te Vaya Bién
que vulgares somos	2	REC004401|REC004402	Que Vulgares Somos|Que Vulgares Somos
queja de amor	2	REC004406|REC004407	Queja De Amor|Queja De Amor
queja y queja	2	REC004408|REC004409	Queja Y Queja|Queja Y Queja
quien te lo dijo	2	REC004415|REC004416	Quien Te Lo Dijo|Quien Te Lo Dijo
quiero un muchacho	2	REC004432|REC004433	Quiero Un Muchacho|Quiero Un Muchacho
quisiera amarte menos	2	REC004440|REC004441	Quisiera Amarte Menos|Quisiera Amarte Menos
ramoncillo	2	REC004450|REC004451	Ramoncillo|Ramoncillo
rancho alegre	2	REC004455|REC004456	Rancho Alegre|Rancho Alegre
realidad	2	REC004462|REC004463	Realidad|Realidad
remolino	2	REC004485|REC004486	Remolino|Remolino
rival	2	REC004510|REC004511	Rival|Rival
rodolfo gaona	2	REC004514|REC004515	Rodolfo Gaona|Rodolfo Gaona
rogaciano	2	REC004516|REC004517	Rogaciano|Rogaciano
rosa rosita	2	REC004536|REC004537	Rosa Rosita|Rosa, Rosita
rosas de mayo	2	REC004541|REC004542	Rosas De Mayo|Rosas De Mayo
rosita alvires	2	REC004547|REC004548	Rosita Alvires|Rosita Alvires
sabelo bien	2	REC004566|REC004567	Sabelo Bien|Sabelo Bien
sabes amor	2	REC004568|REC004569	Sabes Amor|Sabes Amor
sabor de engano	2	REC004573|REC004574	Sabor De Engaño|Sabor De Engaño
san fernando	2	REC004584|REC004585	San Fernando|San Fernando
san sotolon	2	REC004590|REC004591	San Sotolon|San Sotolon
sangre caliente	2	REC004594|REC004595	Sangre Caliente|Sangre Caliente
se fue	2	REC004603|REC004604	Se Fue|Se Fue
se muy bien que vendras	2	REC004617|REC004618	Se Muy Bien Que Vendras|Se Muy Bien Que Vendras
seda y oro	2	REC004629|REC004630	Seda Y Oro|Seda Y Oro
senderito de amor	2	REC004635|REC004636	Senderito De Amor|Senderito De Amor
sentencia	2	REC004638|REC004639	Sentencia|Sentencia
separacion	2	REC004643|REC004644	Separacion|Separacion
serenata sin luna	2	REC004658|REC004659	Serenata Sin Luna|Serenata Sin Luna
senor porque	2	REC004664|REC004665	Señor Porque|Señor, Porque
senora	2	REC004666|REC005614	Señora|Señora
si tu me quisieras	2	REC004683|REC004684	Si Tu Me Quisieras|Si Tu Me Quisieras
si vieras	2	REC004686|REC004687	Si Vieras|Si Vieras
silenciosamente	2	REC004719|REC004720	Silenciosamente|Silenciosamente
sin tu presencia	2	REC004746|REC004747	Sin Tu Presencia|Sin Tu Presencia
sobre las olas	2	REC004754|REC004755	Sobre Las Olas|Sobre Las Olas
soldado raso	2	REC004761|REC004762	Soldado Raso|Soldado Raso
solito mejor solito	2	REC004764|REC004765	Solito Mejor Solito|Solito Mejor Solito
solo dios	2	REC004768|REC004769	Solo Dios|Solo Dios
solo dios me vio partir	2	REC004770|REC004771	Solo Dios Me Vio Partir|Solo Dios Me Vio Partir
solo tu	2	REC004776|REC004777	Solo Tu|Solo Tu
sombras	2	REC004782|REC004783	Sombras|Sombras
sonora querida	2	REC004789|REC004790	Sonora Querida|Sonora Querida
soy celosa	2	REC004793|REC004794	Soy Celosa|Soy Celosa
soy feliz	2	REC004802|REC004803	Soy Feliz|Soy Feliz
soy muy hombre	2	REC004807|REC004808	Soy Muy Hombre|Soy Muy Hombre
subiendo y bajando	2	REC004813|REC004814	Subiendo Y Bajando|Subiendo Y Bajando
suertes malditas	2	REC004821|REC004822	Suertes Malditas|Suertes Malditas
tampico hermoso	2	REC004852|REC004853	Tampico Hermoso|Tampico Hermoso
tanger	2	REC004854|REC004855	Tanger|Tanger
tarde o temprano	2	REC004861|REC004862	Tarde O Temprano|Tarde O Temprano
tarde taurina	2	REC004863|REC004864	Tarde Taurina|Tarde Taurina
te amare toda la vida	2	REC004871|REC004872	Te Amare Toda La Vida|Te Amare Toda La Vida
te ando buscando	2	REC004875|REC004876	Te Ando Buscando|Te Ando Buscando
te busque	2	REC004877|REC004878	Te Busque|Te Busque
te das cuenta	2	REC004880|REC004881	Te Das Cuenta|Te Das Cuenta
te doy dos horas	2	REC004883|REC004884	Te Doy Dos Horas|Te Doy Dos Horas
te fuiste	2	REC004891|REC004892	Te Fuiste|Te Fuiste
te pertenezco	2	REC004903|REC004904	Te Pertenezco|Te Pertenezco
te quieres ir	2	REC004906|REC004907	Te Quieres Ir|Te Quieres Ir
te quiero asi	2	REC004911|REC004912	Te Quiero Asi|Te Quiero Asi
te quiero porque te quiero	2	REC004915|REC004916	Te Quiero Porque Te Quiero|Te Quiero Porque Te Quiero
te quiero tanto	2	REC004918|REC004919	Te Quiero Tanto|Te Quiero Tanto
te traigo serenata	2	REC004924|REC004925	Te Traigo Serenata|Te Traigo Serenata
te vas a acordar de mi	2	REC004928|REC004929	Te Vas A Acordar De Mi|Te Vas A Acordar De Mi
te vengo a decir adios	2	REC004937|REC004938	Te Vengo A Decir Adios|Te Vengo A Decir Adios
tico tico	2	REC004973|REC004974	Tico Tico|Tico Tico
tierra blanca	2	REC004980|REC004981	Tierra Blanca|Tierra Blanca
todo se paga en la vida	2	REC005004|REC005005	Todo Se Paga En La Vida|Todo Se Paga En La Vida
traicionera	2	REC005029|REC005692	Traicionera|Traicionera
tratare de olvidar	2	REC005039|REC005040	Tratare De Olvidar|Tratare De Olvidar
tres piedras	2	REC005060|REC005061	Tres Piedras|Tres Piedras
tres recuerdos	2	REC005063|REC005064	Tres Recuerdos|Tres Recuerdos
tristeza	2	REC005071|REC005072	Tristeza|Tristeza
tu	2	REC005080|REC005081	Tu|Tu
tu amor y mi amor	2	REC005084|REC005085	Tu Amor Y Mi Amor|Tu Amor Y Mi Amor
tu castigo	2	REC005088|REC005089	Tu Castigo|Tu Castigo
tu lugar vacio	2	REC005099|REC005100	Tu Lugar Vacio|Tu Lugar Vacio
tu me haces falta	2	REC005102|REC005103	Tu Me Haces Falta|Tu Me Haces Falta
tu que dijiste	2	REC005114|REC005115	Tu Que Dijiste|Tu Que Dijiste
tu recuerdo y yo	2	REC005116|REC005117	Tu Recuerdo Y Yo|Tu Recuerdo Y Yo
tu vida y mi vida	2	REC005125|REC005126	Tu Vida Y Mi Vida|Tu Vida Y Mi Vida
tu ya no me quieres	2	REC005135|REC005136	Tu, Ya No Me Quieres|Tu, Ya No Me Quieres
tu que mas quieres	2	REC005146|REC005147	Tú Que Mas Quieres|Tú Que Mas Quieres
ultimo deseo	2	REC005157|REC005158	Ultimo Deseo|Ultimo Deseo
un compromiso	2	REC005166|REC005167	Un Compromiso|Un Compromiso
un corazon olvidado	2	REC005170|REC005171	Un Corazon Olvidado|Un Corazon Olvidado
un jarrito	2	REC005177|REC005178	Un Jarrito|Un Jarrito
un mundo raro	2	REC005185|REC005186	Un Mundo Raro|Un Mundo Raro
un viejo amor	2	REC005198|REC005199	Un Viejo Amor|Un Viejo Amor
una luna para ti	2	REC005208|REC005209	Una Luna Para Ti|Una Luna Para Ti
una sola caida	2	REC005218|REC005219	Una Sola Caida|Una Sola Caida
una telegrama	2	REC005220|REC005221	Una Telegrama|Una Telegrama
una traicion	2	REC005222|REC005223	Una Traicion|Una Traicion
usted	2	REC005230|REC005231	Usted|Usted
vale sombrilla	2	REC005236|REC005237	Vale Sombrilla|Vale Sombrilla
vas a ver	2	REC005255|REC005256	Vas A Ver|Vas A Ver
vas conmigo	2	REC005257|REC005258	Vas Conmigo|Vas Conmigo
vaya con dios	2	REC005259|REC005260	Vaya Con Dios|Vaya Con Dios
ven	2	REC005266|REC005267	Ven|Ven
vengan canciones	2	REC005275|REC005276	Vengan Canciones|Vengan Canciones
verdad que te ha dolido	2	REC005286|REC005287	Verdad Que Te Ha Dolido|Verdad Que Te Ha Dolido
vete por favor	2	REC005291|REC005292	Vete Por Favor|Vete Por Favor
viaje a la luna	2	REC005293|REC005294	Viaje A La Luna|Viaje A La Luna
vidas distintas	2	REC005299|REC005300	Vidas Distintas|Vidas Distintas
vieja cruz	2	REC005304|REC005305	Vieja Cruz|Vieja Cruz
vieja luna	2	REC005307|REC005709	Vieja Luna|Vieja Luna
viejos amigos	2	REC005312|REC005313	Viejos Amigos|Viejos Amigos
violetas imperiales	2	REC005316|REC005317	Violetas Imperiales|Violetas Imperiales
vive feliz	2	REC005333|REC005334	Vive Feliz|Vive Feliz
vuela paloma	2	REC005349|REC005350	Vuela Paloma|Vuela Paloma
vuelve	2	REC005353|REC005354	Vuelve|Vuelve
vuelve a mi	2	REC005355|REC005356	Vuelve A Mi|Vuelve A Mi
vuelve a ser mia	2	REC005357|REC005358	Vuelve A Ser Mia|Vuelve A Ser Mia
y que movida	2	REC005375|REC005376	Y Que Movida|Y Que Movida
ya no llores	2	REC005406|REC005407	Ya No Llores|Ya No Llores
ya no te quiero	2	REC005419|REC005420	Ya No Te Quiero|Ya No Te Quiero
ya perdi la esperanza	2	REC005424|REC005425	Ya Perdi La Esperanza|Ya Perdi La Esperanza
yo me muero donde quiera	2	REC005450|REC005451	Yo Me Muero Donde Quiera|Yo Me Muero Donde Quiera
yo no se por que	2	REC005455|REC005456	Yo No Se Por Que|Yo No Se Por Que
yo quisiera senor locutor	2	REC005463|REC005464	Yo Quisiera Señor Locutor|Yo Quisiera, Señor Locutor
yo tambien soy mexicano	2	REC005479|REC005480	Yo Tambien Soy Mexicano|Yo Tambien Soy Mexicano
yo te quise	2	REC005483|REC005484	Yo Te Quise|Yo Te Quise
zenaida	2	REC005499|REC005500	Zenaida|Zenaida
zenaida ingrata	2	REC005501|REC005502	Zenaida Ingrata|Zenaida Ingrata
grito vagabundo	2	REC005543|REC005678	Grito Vagabundo|Grito Vagabundo
los sabanales	2	REC005570|REC005589	Los Sabanales|Los Sabanales
el bailador	2	REC005577|REC005635	El Bailador|El Bailador
huri	2	REC005591|REC005609	Huri|Huri
la boquitrompona	2	REC005637|REC005665	La Boquitrompona|La Boquitrompona
el hijo ausente	2	REC005674|REC005693	El Hijo Ausente|El Hijo Ausente
aires de navidad	2	REC005677|REC005739	Aires de Navidad|Aires de Navidad
mi gente	2	REC005721|REC005858	Mi Gente|Mi Gente
franqueza cruel	2	REC005755|REC005820	Franqueza Cruel|Franqueza Cruel
eso es el guaguanco	2	REC005756|REC005821	Eso Es El Guaguancó|Eso Es El Guaguancó
mano caliente	2	REC005757|REC005822	Mano Caliente|Mano Caliente
pienso en ti	2	REC005758|REC005823	Pienso En Ti|Pienso En Ti
medianoche y sol	2	REC005759|REC005824	Medianoche Y Sol|Medianoche Y Sol
poema de otono	2	REC005760|REC005825	Poema De Otoño|Poema De Otoño
los entierros	2	REC005761|REC005826	Los Entierros|Los Entierros
estampa marina	2	REC005762|REC005827	Estampa Marina|Estampa Marina
cualquier cosa	2	REC005763|REC005828	Cualquier Cosa|Cualquier Cosa
con mis memorias	2	REC005764|REC005829	Con Mis Memorias|Con Mis Memorias
lucero	2	REC005765|REC005830	Lucero|Lucero
lamento guajiro	2	REC005766|REC005831	Lamento Guajiro|Lamento Guajiro
tiempo muerto	2	REC005767|REC005832	Tiempo Muerto|Tiempo Muerto
asi soy	2	REC005768|REC005833	Así Soy|Así Soy
desahogo	2	REC005769|REC005834	Desahogo|Desahogo
comadrita	2	REC005770|REC005843	Comadrita|Comadrita
mapeye	2	REC005771|REC005844	Mapeyé|Mapeyé
me la gozo entera	2	REC005772|REC005845	Me La Gozo Entera|Me La Gozo Entera
aleluya de los campos	2	REC005773|REC005846	Aleluya De Los Campos|Aleluya De Los Campos
pa la gente panamena	2	REC005774|REC005847	Pa’ La Gente Panameña|Pa’ La Gente Panameña
manana boricua	2	REC005775|REC005848	Mañana Boricua|Mañana Boricua
la fiesta	2	REC005776|REC005849	La Fiesta|La Fiesta
a las alegres campanas	2	REC005777|REC005851	A Las Alegres Campanas|A Las Alegres Campanas
felicidades	2	REC005778|REC005852	Felicidades|Felicidades
juan albanil	2	REC005779|REC005835	Juan Albañil|Juan Albañil
sobre una tumba humilde	2	REC005780|REC005836	Sobre Una Tumba Humilde|Sobre Una Tumba Humilde
lamentacion campesina	2	REC005781|REC005837	Lamentación Campesina|Lamentación Campesina
amada mia	2	REC005782|REC005838	Amada Mia|Amada Mia
sali porque sali	2	REC005783|REC005839	Salí Porque Salí|Salí Porque Salí
noche sensacional	2	REC005784|REC005840	Noche Sensacional|Noche Sensacional
castillos de arena	2	REC005785|REC005841	Castillos De Arena|Castillos De Arena
cuento numero uno	2	REC005786|REC005842	Cuento Número Uno|Cuento Número Uno
asi se compone un son	2	REC005787|REC005868	Así Se Compone Un Son|Así Se Compone Un Son
nicolas	2	REC005788|REC005869	Nicolás|Nicolás
salvame	2	REC005789|REC005870	Sálvame|Sálvame
ahora si	2	REC005790|REC005871	Ahora Sí|Ahora Sí
me voy pa colombia	2	REC005791|REC005872	Me Voy Pa' Colombia|Me Voy Pa' Colombia
cuidate bien	2	REC005792|REC005873	Cuídate Bien|Cuídate Bien
mulence	2	REC005793|REC005874	Mulence|Mulence
las cuarentas	2	REC005794|REC005875	Las Cuarentas|Las Cuarentas
sonerito	2	REC005795|REC005876	Sonerito|Sonerito
ahora que estoy sabroso	2	REC005796|REC005877	Ahora Que Estoy Sabroso|Ahora Que Estoy Sabroso
la cosa no es como antes	2	REC005797|REC005878	La Cosa No Es Como Antes|La Cosa No Es Como Antes
puerto abandonado	2	REC005798|REC005879	Puerto Abandonado|Puerto Abandonado
yo no me quejo	2	REC005799|REC005880	Yo no Me Quejo|Yo no Me Quejo
cipriano armenteros	2	REC005800|REC005881	Cipriano Armenteros|Cipriano Armenteros
madre	2	REC005801|REC005882	Madre|Madre
en mi viejo san juan	2	REC005803|REC005884	En Mi Viejo San Juan|En Mi Viejo San Juan
hay craneo	2	REC005804|REC005818	Hay Craneo|Hay Craneo
cuando te vea	2	REC005805|REC005815	Cuando Te Vea|Cuando Te Vea
esperame en el cielo	2	REC005806|REC005816	Espérame En El Cielo|Espérame En El Cielo
guaraguao	2	REC005807|REC005817	Guaraguao|Guaraguao
mi ritmo es bueno	2	REC005808|REC005819	Mi Ritmo Es Bueno|Mi Ritmo Es Bueno
codazos	2	REC005809|REC005814	Codazos|Codazos
aqui no me quedo	2	REC005810|REC005812	Aquí No Me Quedo|Aquí No Me Quedo
coco seco	2	REC005811|REC005813	Coco Seco|Coco Seco
triste diciembre	2	REC006018|REC006109	Triste Diciembre|Triste Diciembre
mis zapatos viejos	2	REC006080|REC006176	Mis Zapatos Viejos|Mis Zapatos Viejos
