unit_candidate_id	product_title	artist_name	artist_entity_type	candidate_title	existing_recording_id	existing_song_id	review_reason	matched_entity_type	matched_entity_id	matched_authority_name	recovery_status	target_primary_group_id	target_primary_performer_id	unit0145_status
UNIT0113-03-002	USB - Colección 100 Exitos de La Sonora Matancera	La Sonora Matancera	group	Quién Será	REC004413;REC004414;REC005551	SONG003305	recording_title_exists;song_title_exists;source_tracklist_partial_or_estimated;artist_not_matched_to_authority	group	GRP0286	La Sonora Matancera	artist_authority_now_exists			review_multiple_or_missing_recording_id
UNIT0113-03-010	USB - Colección 100 Exitos de La Sonora Matancera	La Sonora Matancera	group	Historia de Un Amor	REC002285;REC002286;REC002287;REC005559	SONG001714	recording_title_exists;song_title_exists;source_tracklist_partial_or_estimated;artist_not_matched_to_authority	group	GRP0286	La Sonora Matancera	artist_authority_now_exists			review_multiple_or_missing_recording_id
UNIT0113-17-001	USB - Colección 100 Exitos de Rodolfo Aicardi	Rodolfo Aicardi	performer	DISCO NUMERO 1			artist_not_matched_to_authority	performer	PER000338	Rodolfo Aicardi	artist_authority_now_exists			review_multiple_or_missing_recording_id
UNIT0113-17-002	USB - Colección 100 Exitos de Rodolfo Aicardi	Rodolfo Aicardi	performer	1. La Cerveza - Los Hispanos			artist_not_matched_to_authority	performer	PER000338	Rodolfo Aicardi	artist_authority_now_exists			review_multiple_or_missing_recording_id
UNIT0113-17-003	USB - Colección 100 Exitos de Rodolfo Aicardi	Rodolfo Aicardi	performer	2. Plegaria - Rodolfo Aicardi Y Su Tipica Ra7			artist_not_matched_to_authority	performer	PER000338	Rodolfo Aicardi	artist_authority_now_exists			review_multiple_or_missing_recording_id
UNIT0113-17-004	USB - Colección 100 Exitos de Rodolfo Aicardi	Rodolfo Aicardi	performer	3. Ocho Dias - Los Hispanos			artist_not_matched_to_authority	performer	PER000338	Rodolfo Aicardi	artist_authority_now_exists			review_multiple_or_missing_recording_id
UNIT0113-17-005	USB - Colección 100 Exitos de Rodolfo Aicardi	Rodolfo Aicardi	performer	4. Triste Diciembre -Los Hispanos			artist_not_matched_to_authority	performer	PER000338	Rodolfo Aicardi	artist_authority_now_exists			review_multiple_or_missing_recording_id
UNIT0113-17-006	USB - Colección 100 Exitos de Rodolfo Aicardi	Rodolfo Aicardi	performer	5. Boquita De Caramelo - Los Hispanos			artist_not_matched_to_authority	performer	PER000338	Rodolfo Aicardi	artist_authority_now_exists			review_multiple_or_missing_recording_id
UNIT0113-17-007	USB - Colección 100 Exitos de Rodolfo Aicardi	Rodolfo Aicardi	performer	6. Me Voy Pa Macondo - Los Hispanos			artist_not_matched_to_authority	performer	PER000338	Rodolfo Aicardi	artist_authority_now_exists			review_multiple_or_missing_recording_id
UNIT0113-17-008	USB - Colección 100 Exitos de Rodolfo Aicardi	Rodolfo Aicardi	performer	7. Tabaco Y Ron - Rodolfo Aicardi Y Su Tipica Ra7			artist_not_matched_to_authority	performer	PER000338	Rodolfo Aicardi	artist_authority_now_exists			review_multiple_or_missing_recording_id
UNIT0113-17-009	USB - Colección 100 Exitos de Rodolfo Aicardi	Rodolfo Aicardi	performer	8. Asi Empezaron Papa Y Mama - Los Hispanos			artist_not_matched_to_authority	performer	PER000338	Rodolfo Aicardi	artist_authority_now_exists			review_multiple_or_missing_recording_id
UNIT0113-17-010	USB - Colección 100 Exitos de Rodolfo Aicardi	Rodolfo Aicardi	performer	9. La Conoci Un Domingo - Rodolfo Aicardi Con El Grupo Monteadentro			artist_not_matched_to_authority	performer	PER000338	Rodolfo Aicardi	artist_authority_now_exists			review_multiple_or_missing_recording_id
UNIT0113-17-011	USB - Colección 100 Exitos de Rodolfo Aicardi	Rodolfo Aicardi	performer	10. El Papelito Blanco - Los Hispanos			artist_not_matched_to_authority	performer	PER000338	Rodolfo Aicardi	artist_authority_now_exists			review_multiple_or_missing_recording_id
UNIT0113-17-012	USB - Colección 100 Exitos de Rodolfo Aicardi	Rodolfo Aicardi	performer	11. Olvidemos El Pasado - Los Hispanos			artist_not_matched_to_authority	performer	PER000338	Rodolfo Aicardi	artist_authority_now_exists			review_multiple_or_missing_recording_id
UNIT0113-17-013	USB - Colección 100 Exitos de Rodolfo Aicardi	Rodolfo Aicardi	performer	12. Cariñito - Los Hispanos			artist_not_matched_to_authority	performer	PER000338	Rodolfo Aicardi	artist_authority_now_exists			review_multiple_or_missing_recording_id
UNIT0113-17-014	USB - Colección 100 Exitos de Rodolfo Aicardi	Rodolfo Aicardi	performer	13. Fiesta En Mi Pueblo - Los Hispanos			artist_not_matched_to_authority	performer	PER000338	Rodolfo Aicardi	artist_authority_now_exists			review_multiple_or_missing_recording_id
UNIT0113-17-015	USB - Colección 100 Exitos de Rodolfo Aicardi	Rodolfo Aicardi	performer	14. Ojitos Hechiceros - Rodolfo Aicardi Y Su Tipica Ra7			artist_not_matched_to_authority	performer	PER000338	Rodolfo Aicardi	artist_authority_now_exists			review_multiple_or_missing_recording_id
UNIT0113-17-016	USB - Colección 100 Exitos de Rodolfo Aicardi	Rodolfo Aicardi	performer	15. Quiero Que Me Des Tu Amor - Los Hispanos			artist_not_matched_to_authority	performer	PER000338	Rodolfo Aicardi	artist_authority_now_exists			review_multiple_or_missing_recording_id
UNIT0113-17-017	USB - Colección 100 Exitos de Rodolfo Aicardi	Rodolfo Aicardi	performer	16. Los Cien Años De Macondo - Los Hispanos			artist_not_matched_to_authority	performer	PER000338	Rodolfo Aicardi	artist_authority_now_exists			review_multiple_or_missing_recording_id
UNIT0113-17-018	USB - Colección 100 Exitos de Rodolfo Aicardi	Rodolfo Aicardi	performer	17. Vagabundo Soy - Rodolfo Aicardi Y Su Tipica Ra7			artist_not_matched_to_authority	performer	PER000338	Rodolfo Aicardi	artist_authority_now_exists			review_multiple_or_missing_recording_id
UNIT0113-17-019	USB - Colección 100 Exitos de Rodolfo Aicardi	Rodolfo Aicardi	performer	18. La Colegiala - Rodolfo Aicardi Y Su Tipica Ra7			artist_not_matched_to_authority	performer	PER000338	Rodolfo Aicardi	artist_authority_now_exists			review_multiple_or_missing_recording_id
UNIT0113-17-020	USB - Colección 100 Exitos de Rodolfo Aicardi	Rodolfo Aicardi	performer	19. Por Favor Olvidame - Rodolfo Aicardi Y Su Tipica Ra7			artist_not_matched_to_authority	performer	PER000338	Rodolfo Aicardi	artist_authority_now_exists			review_multiple_or_missing_recording_id
UNIT0113-17-021	USB - Colección 100 Exitos de Rodolfo Aicardi	Rodolfo Aicardi	performer	20. Botellita De Ron - Los Hispanos			artist_not_matched_to_authority	performer	PER000338	Rodolfo Aicardi	artist_authority_now_exists			review_multiple_or_missing_recording_id
UNIT0113-17-022	USB - Colección 100 Exitos de Rodolfo Aicardi	Rodolfo Aicardi	performer	DISCO NUMERO 2			artist_not_matched_to_authority	performer	PER000338	Rodolfo Aicardi	artist_authority_now_exists			review_multiple_or_missing_recording_id
UNIT0113-17-023	USB - Colección 100 Exitos de Rodolfo Aicardi	Rodolfo Aicardi	performer	1. Adonay - Los Hispanos			artist_not_matched_to_authority	performer	PER000338	Rodolfo Aicardi	artist_authority_now_exists			review_multiple_or_missing_recording_id
UNIT0113-17-024	USB - Colección 100 Exitos de Rodolfo Aicardi	Rodolfo Aicardi	performer	2. El Preso - Los Hispanos			artist_not_matched_to_authority	performer	PER000338	Rodolfo Aicardi	artist_authority_now_exists			review_multiple_or_missing_recording_id
UNIT0113-17-025	USB - Colección 100 Exitos de Rodolfo Aicardi	Rodolfo Aicardi	performer	3. Daniela - Los Hispanos			artist_not_matched_to_authority	performer	PER000338	Rodolfo Aicardi	artist_authority_now_exists			review_multiple_or_missing_recording_id
UNIT0113-17-026	USB - Colección 100 Exitos de Rodolfo Aicardi	Rodolfo Aicardi	performer	4. Los Domingos - Los Hispanos			artist_not_matched_to_authority	performer	PER000338	Rodolfo Aicardi	artist_authority_now_exists			review_multiple_or_missing_recording_id
UNIT0113-17-027	USB - Colección 100 Exitos de Rodolfo Aicardi	Rodolfo Aicardi	performer	5. Feliz Nochebuena - Los Hispanos			artist_not_matched_to_authority	performer	PER000338	Rodolfo Aicardi	artist_authority_now_exists			review_multiple_or_missing_recording_id
UNIT0113-17-028	USB - Colección 100 Exitos de Rodolfo Aicardi	Rodolfo Aicardi	performer	6. Chan Con Chan - Los Hispanos			artist_not_matched_to_authority	performer	PER000338	Rodolfo Aicardi	artist_authority_now_exists			review_multiple_or_missing_recording_id
UNIT0113-17-029	USB - Colección 100 Exitos de Rodolfo Aicardi	Rodolfo Aicardi	performer	7. La Misma Vaina - Los Hispanos			artist_not_matched_to_authority	performer	PER000338	Rodolfo Aicardi	artist_authority_now_exists			review_multiple_or_missing_recording_id
UNIT0113-17-030	USB - Colección 100 Exitos de Rodolfo Aicardi	Rodolfo Aicardi	performer	8. Cantares De Navidad - Los Hispanos			artist_not_matched_to_authority	performer	PER000338	Rodolfo Aicardi	artist_authority_now_exists			review_multiple_or_missing_recording_id
UNIT0113-17-031	USB - Colección 100 Exitos de Rodolfo Aicardi	Rodolfo Aicardi	performer	9. Muchachita Celosa - Los Hispanos			artist_not_matched_to_authority	performer	PER000338	Rodolfo Aicardi	artist_authority_now_exists			review_multiple_or_missing_recording_id
UNIT0113-17-032	USB - Colección 100 Exitos de Rodolfo Aicardi	Rodolfo Aicardi	performer	10. Entre Que Si Y Que No - Los Hispanos			artist_not_matched_to_authority	performer	PER000338	Rodolfo Aicardi	artist_authority_now_exists			review_multiple_or_missing_recording_id
UNIT0113-17-033	USB - Colección 100 Exitos de Rodolfo Aicardi	Rodolfo Aicardi	performer	11. Agua De Cu - Los Hispanos			artist_not_matched_to_authority	performer	PER000338	Rodolfo Aicardi	artist_authority_now_exists			review_multiple_or_missing_recording_id
UNIT0113-17-034	USB - Colección 100 Exitos de Rodolfo Aicardi	Rodolfo Aicardi	performer	12. La Cinta Blanca - Los Hispanos			artist_not_matched_to_authority	performer	PER000338	Rodolfo Aicardi	artist_authority_now_exists			review_multiple_or_missing_recording_id
UNIT0113-17-035	USB - Colección 100 Exitos de Rodolfo Aicardi	Rodolfo Aicardi	performer	13. Enamorado - Los Hispanos			artist_not_matched_to_authority	performer	PER000338	Rodolfo Aicardi	artist_authority_now_exists			review_multiple_or_missing_recording_id
UNIT0113-17-036	USB - Colección 100 Exitos de Rodolfo Aicardi	Rodolfo Aicardi	performer	14. Ni Cuerpo Ni Corazon - Los Hispanos			artist_not_matched_to_authority	performer	PER000338	Rodolfo Aicardi	artist_authority_now_exists			review_multiple_or_missing_recording_id
UNIT0113-17-037	USB - Colección 100 Exitos de Rodolfo Aicardi	Rodolfo Aicardi	performer	15. Adios Adios Corazon - Los Hispanos			artist_not_matched_to_authority	performer	PER000338	Rodolfo Aicardi	artist_authority_now_exists			review_multiple_or_missing_recording_id
UNIT0113-17-038	USB - Colección 100 Exitos de Rodolfo Aicardi	Rodolfo Aicardi	performer	16. Pelaita - Los Hispanos			artist_not_matched_to_authority	performer	PER000338	Rodolfo Aicardi	artist_authority_now_exists			review_multiple_or_missing_recording_id
UNIT0113-17-039	USB - Colección 100 Exitos de Rodolfo Aicardi	Rodolfo Aicardi	performer	17. Sin Corazon En El Pecho - Los Hispanos			artist_not_matched_to_authority	performer	PER000338	Rodolfo Aicardi	artist_authority_now_exists			review_multiple_or_missing_recording_id
UNIT0113-17-040	USB - Colección 100 Exitos de Rodolfo Aicardi	Rodolfo Aicardi	performer	18. Carola - La Sonora Dinamita			artist_not_matched_to_authority	performer	PER000338	Rodolfo Aicardi	artist_authority_now_exists			review_multiple_or_missing_recording_id
UNIT0113-17-041	USB - Colección 100 Exitos de Rodolfo Aicardi	Rodolfo Aicardi	performer	19. La Cuñadita - Los Hispanos			artist_not_matched_to_authority	performer	PER000338	Rodolfo Aicardi	artist_authority_now_exists			review_multiple_or_missing_recording_id
UNIT0113-17-042	USB - Colección 100 Exitos de Rodolfo Aicardi	Rodolfo Aicardi	performer	20. Cara Carita - Rodolfo Aicardi Y Su Tipica Ra7			artist_not_matched_to_authority	performer	PER000338	Rodolfo Aicardi	artist_authority_now_exists			review_multiple_or_missing_recording_id
UNIT0113-17-043	USB - Colección 100 Exitos de Rodolfo Aicardi	Rodolfo Aicardi	performer	DISCO NUMERO 3			artist_not_matched_to_authority	performer	PER000338	Rodolfo Aicardi	artist_authority_now_exists			review_multiple_or_missing_recording_id
UNIT0113-17-044	USB - Colección 100 Exitos de Rodolfo Aicardi	Rodolfo Aicardi	performer	1. El Lunarcito - Los Hispanos			artist_not_matched_to_authority	performer	PER000338	Rodolfo Aicardi	artist_authority_now_exists			review_multiple_or_missing_recording_id
UNIT0113-17-045	USB - Colección 100 Exitos de Rodolfo Aicardi	Rodolfo Aicardi	performer	2. Dile - Los Hispanos			artist_not_matched_to_authority	performer	PER000338	Rodolfo Aicardi	artist_authority_now_exists			review_multiple_or_missing_recording_id
UNIT0113-17-046	USB - Colección 100 Exitos de Rodolfo Aicardi	Rodolfo Aicardi	performer	3. Yo No Fui - Los Hispanos			artist_not_matched_to_authority	performer	PER000338	Rodolfo Aicardi	artist_authority_now_exists			review_multiple_or_missing_recording_id
UNIT0113-17-047	USB - Colección 100 Exitos de Rodolfo Aicardi	Rodolfo Aicardi	performer	4. Perdido Y Borracho - Los Hispanos			artist_not_matched_to_authority	performer	PER000338	Rodolfo Aicardi	artist_authority_now_exists			review_multiple_or_missing_recording_id
UNIT0113-17-048	USB - Colección 100 Exitos de Rodolfo Aicardi	Rodolfo Aicardi	performer	5. La Suegra - Rodolfo Aicardi			artist_not_matched_to_authority	performer	PER000338	Rodolfo Aicardi	artist_authority_now_exists			review_multiple_or_missing_recording_id
UNIT0113-17-049	USB - Colección 100 Exitos de Rodolfo Aicardi	Rodolfo Aicardi	performer	6. Donde Estas Mariana - Los Hispanos			artist_not_matched_to_authority	performer	PER000338	Rodolfo Aicardi	artist_authority_now_exists			review_multiple_or_missing_recording_id
UNIT0113-17-050	USB - Colección 100 Exitos de Rodolfo Aicardi	Rodolfo Aicardi	performer	7. Ya Para Que - Los Hispanos			artist_not_matched_to_authority	performer	PER000338	Rodolfo Aicardi	artist_authority_now_exists			review_multiple_or_missing_recording_id
UNIT0113-17-051	USB - Colección 100 Exitos de Rodolfo Aicardi	Rodolfo Aicardi	performer	8. Penas Por Un Amor - Los Hispanos			artist_not_matched_to_authority	performer	PER000338	Rodolfo Aicardi	artist_authority_now_exists			review_multiple_or_missing_recording_id
UNIT0113-17-052	USB - Colección 100 Exitos de Rodolfo Aicardi	Rodolfo Aicardi	performer	9. Linda Rosa - Los Hispanos			artist_not_matched_to_authority	performer	PER000338	Rodolfo Aicardi	artist_authority_now_exists			review_multiple_or_missing_recording_id
UNIT0113-17-053	USB - Colección 100 Exitos de Rodolfo Aicardi	Rodolfo Aicardi	performer	10. Te Castigo Haciendote Llorar Rodolfo Aicardi Y Su Tipica Ra7			artist_not_matched_to_authority	performer	PER000338	Rodolfo Aicardi	artist_authority_now_exists			review_multiple_or_missing_recording_id
UNIT0113-17-054	USB - Colección 100 Exitos de Rodolfo Aicardi	Rodolfo Aicardi	performer	11. Que Regrese - Los Hispanos			artist_not_matched_to_authority	performer	PER000338	Rodolfo Aicardi	artist_authority_now_exists			review_multiple_or_missing_recording_id
UNIT0113-17-055	USB - Colección 100 Exitos de Rodolfo Aicardi	Rodolfo Aicardi	performer	12. Voy Cantando - Los Hispanos			artist_not_matched_to_authority	performer	PER000338	Rodolfo Aicardi	artist_authority_now_exists			review_multiple_or_missing_recording_id
UNIT0113-17-056	USB - Colección 100 Exitos de Rodolfo Aicardi	Rodolfo Aicardi	performer	13. El Casado Arrepentido - Los Hispanos			artist_not_matched_to_authority	performer	PER000338	Rodolfo Aicardi	artist_authority_now_exists			review_multiple_or_missing_recording_id
UNIT0113-17-057	USB - Colección 100 Exitos de Rodolfo Aicardi	Rodolfo Aicardi	performer	14. Cumbia Marinera - Los Hispanos			artist_not_matched_to_authority	performer	PER000338	Rodolfo Aicardi	artist_authority_now_exists			review_multiple_or_missing_recording_id
UNIT0113-17-058	USB - Colección 100 Exitos de Rodolfo Aicardi	Rodolfo Aicardi	performer	15. El Maestro - Los Hispanos			artist_not_matched_to_authority	performer	PER000338	Rodolfo Aicardi	artist_authority_now_exists			review_multiple_or_missing_recording_id
UNIT0113-17-059	USB - Colección 100 Exitos de Rodolfo Aicardi	Rodolfo Aicardi	performer	16. El Tizon - La Sonora Dinamita			artist_not_matched_to_authority	performer	PER000338	Rodolfo Aicardi	artist_authority_now_exists			review_multiple_or_missing_recording_id
UNIT0113-17-060	USB - Colección 100 Exitos de Rodolfo Aicardi	Rodolfo Aicardi	performer	17. Manuelito Barrios - Los Hispanos			artist_not_matched_to_authority	performer	PER000338	Rodolfo Aicardi	artist_authority_now_exists			review_multiple_or_missing_recording_id
UNIT0113-17-061	USB - Colección 100 Exitos de Rodolfo Aicardi	Rodolfo Aicardi	performer	18. Casi Casi - Los Hispanos			artist_not_matched_to_authority	performer	PER000338	Rodolfo Aicardi	artist_authority_now_exists			review_multiple_or_missing_recording_id
UNIT0113-17-062	USB - Colección 100 Exitos de Rodolfo Aicardi	Rodolfo Aicardi	performer	19. Entonces Cuando - Los Hispanos			artist_not_matched_to_authority	performer	PER000338	Rodolfo Aicardi	artist_authority_now_exists			review_multiple_or_missing_recording_id
UNIT0113-17-063	USB - Colección 100 Exitos de Rodolfo Aicardi	Rodolfo Aicardi	performer	20. La Bandolera - Los Hispanos			artist_not_matched_to_authority	performer	PER000338	Rodolfo Aicardi	artist_authority_now_exists			review_multiple_or_missing_recording_id
UNIT0113-17-064	USB - Colección 100 Exitos de Rodolfo Aicardi	Rodolfo Aicardi	performer	DISCO NUMERO 4			artist_not_matched_to_authority	performer	PER000338	Rodolfo Aicardi	artist_authority_now_exists			review_multiple_or_missing_recording_id
UNIT0113-17-065	USB - Colección 100 Exitos de Rodolfo Aicardi	Rodolfo Aicardi	performer	1. Ya Se Marcho - Los Hispanos			artist_not_matched_to_authority	performer	PER000338	Rodolfo Aicardi	artist_authority_now_exists			review_multiple_or_missing_recording_id
UNIT0113-17-066	USB - Colección 100 Exitos de Rodolfo Aicardi	Rodolfo Aicardi	performer	2. Masculino Y Femenino - Los Hispanos			artist_not_matched_to_authority	performer	PER000338	Rodolfo Aicardi	artist_authority_now_exists			review_multiple_or_missing_recording_id
UNIT0113-17-067	USB - Colección 100 Exitos de Rodolfo Aicardi	Rodolfo Aicardi	performer	3. El Cangrejito Enamorado - Los Hispanos			artist_not_matched_to_authority	performer	PER000338	Rodolfo Aicardi	artist_authority_now_exists			review_multiple_or_missing_recording_id
UNIT0113-17-068	USB - Colección 100 Exitos de Rodolfo Aicardi	Rodolfo Aicardi	performer	4. Se La Llevo El Tren - Los Hispanos			artist_not_matched_to_authority	performer	PER000338	Rodolfo Aicardi	artist_authority_now_exists			review_multiple_or_missing_recording_id
UNIT0113-17-069	USB - Colección 100 Exitos de Rodolfo Aicardi	Rodolfo Aicardi	performer	5. Lorenza - Los Hispanos			artist_not_matched_to_authority	performer	PER000338	Rodolfo Aicardi	artist_authority_now_exists			review_multiple_or_missing_recording_id
UNIT0113-17-070	USB - Colección 100 Exitos de Rodolfo Aicardi	Rodolfo Aicardi	performer	6. Linda Muchachita - Rodolfo Aicardi Y Su Tipica Ra7			artist_not_matched_to_authority	performer	PER000338	Rodolfo Aicardi	artist_authority_now_exists			review_multiple_or_missing_recording_id
UNIT0113-17-071	USB - Colección 100 Exitos de Rodolfo Aicardi	Rodolfo Aicardi	performer	7. Carita De Cielo - Los Hispanos			artist_not_matched_to_authority	performer	PER000338	Rodolfo Aicardi	artist_authority_now_exists			review_multiple_or_missing_recording_id
UNIT0113-17-072	USB - Colección 100 Exitos de Rodolfo Aicardi	Rodolfo Aicardi	performer	8. Amor Por Computadora - Rodolfo Aicardi Y Su Tipica Ra7			artist_not_matched_to_authority	performer	PER000338	Rodolfo Aicardi	artist_authority_now_exists			review_multiple_or_missing_recording_id
UNIT0113-17-073	USB - Colección 100 Exitos de Rodolfo Aicardi	Rodolfo Aicardi	performer	9. La Burra Y La Chiva - Los Hispanos			artist_not_matched_to_authority	performer	PER000338	Rodolfo Aicardi	artist_authority_now_exists			review_multiple_or_missing_recording_id
UNIT0113-17-074	USB - Colección 100 Exitos de Rodolfo Aicardi	Rodolfo Aicardi	performer	10. Mi Cumbion - Los Hispanos			artist_not_matched_to_authority	performer	PER000338	Rodolfo Aicardi	artist_authority_now_exists			review_multiple_or_missing_recording_id
UNIT0113-17-075	USB - Colección 100 Exitos de Rodolfo Aicardi	Rodolfo Aicardi	performer	11. Mis Zapatos Viejos- Los Hispanos			artist_not_matched_to_authority	performer	PER000338	Rodolfo Aicardi	artist_authority_now_exists			review_multiple_or_missing_recording_id
UNIT0113-17-076	USB - Colección 100 Exitos de Rodolfo Aicardi	Rodolfo Aicardi	performer	12. Los Algodones - Los Hispanos			artist_not_matched_to_authority	performer	PER000338	Rodolfo Aicardi	artist_authority_now_exists			review_multiple_or_missing_recording_id
UNIT0113-17-077	USB - Colección 100 Exitos de Rodolfo Aicardi	Rodolfo Aicardi	performer	13. El Pescador Triste - Los Hispanos			artist_not_matched_to_authority	performer	PER000338	Rodolfo Aicardi	artist_authority_now_exists			review_multiple_or_missing_recording_id
UNIT0113-17-078	USB - Colección 100 Exitos de Rodolfo Aicardi	Rodolfo Aicardi	performer	14. El Telefono - Los Hispanos			artist_not_matched_to_authority	performer	PER000338	Rodolfo Aicardi	artist_authority_now_exists			review_multiple_or_missing_recording_id
UNIT0113-17-079	USB - Colección 100 Exitos de Rodolfo Aicardi	Rodolfo Aicardi	performer	15. Mi Primavera - Los Hispanos			artist_not_matched_to_authority	performer	PER000338	Rodolfo Aicardi	artist_authority_now_exists			review_multiple_or_missing_recording_id
UNIT0113-17-080	USB - Colección 100 Exitos de Rodolfo Aicardi	Rodolfo Aicardi	performer	16. La Revancha - Rodolfo Aicardi Y Su Tipica Ra7			artist_not_matched_to_authority	performer	PER000338	Rodolfo Aicardi	artist_authority_now_exists			review_multiple_or_missing_recording_id
UNIT0113-17-081	USB - Colección 100 Exitos de Rodolfo Aicardi	Rodolfo Aicardi	performer	17. Cinturita De Jabon - Los Hispanos			artist_not_matched_to_authority	performer	PER000338	Rodolfo Aicardi	artist_authority_now_exists			review_multiple_or_missing_recording_id
UNIT0113-17-082	USB - Colección 100 Exitos de Rodolfo Aicardi	Rodolfo Aicardi	performer	18. Fiesta De Cumpleaños - Los Hispanos			artist_not_matched_to_authority	performer	PER000338	Rodolfo Aicardi	artist_authority_now_exists			review_multiple_or_missing_recording_id
UNIT0113-17-083	USB - Colección 100 Exitos de Rodolfo Aicardi	Rodolfo Aicardi	performer	19. El Escorpion - Rodolfo Aicardi			artist_not_matched_to_authority	performer	PER000338	Rodolfo Aicardi	artist_authority_now_exists			review_multiple_or_missing_recording_id
UNIT0113-17-084	USB - Colección 100 Exitos de Rodolfo Aicardi	Rodolfo Aicardi	performer	20. La Bruja - Los Hispanos			artist_not_matched_to_authority	performer	PER000338	Rodolfo Aicardi	artist_authority_now_exists			review_multiple_or_missing_recording_id
UNIT0113-17-085	USB - Colección 100 Exitos de Rodolfo Aicardi	Rodolfo Aicardi	performer	DISCO NUMERO 5			artist_not_matched_to_authority	performer	PER000338	Rodolfo Aicardi	artist_authority_now_exists			review_multiple_or_missing_recording_id
UNIT0113-17-086	USB - Colección 100 Exitos de Rodolfo Aicardi	Rodolfo Aicardi	performer	1. Que No Quede Huella - Rodolfo Aicardi Y Su Tipica Ra7			artist_not_matched_to_authority	performer	PER000338	Rodolfo Aicardi	artist_authority_now_exists			review_multiple_or_missing_recording_id
UNIT0113-17-087	USB - Colección 100 Exitos de Rodolfo Aicardi	Rodolfo Aicardi	performer	2. No Peliemos Tanto - Rodolfo Aicardi Y Su Tipica Ra7			artist_not_matched_to_authority	performer	PER000338	Rodolfo Aicardi	artist_authority_now_exists			review_multiple_or_missing_recording_id
UNIT0113-17-088	USB - Colección 100 Exitos de Rodolfo Aicardi	Rodolfo Aicardi	performer	3. El Lamento De Tu Voz - Rodolfo Aicardi Y Su Tipica Ra7			artist_not_matched_to_authority	performer	PER000338	Rodolfo Aicardi	artist_authority_now_exists			review_multiple_or_missing_recording_id
UNIT0113-17-089	USB - Colección 100 Exitos de Rodolfo Aicardi	Rodolfo Aicardi	performer	4. Limoncito Con Ron - Rodolfo Aicardi			artist_not_matched_to_authority	performer	PER000338	Rodolfo Aicardi	artist_authority_now_exists			review_multiple_or_missing_recording_id
UNIT0113-17-090	USB - Colección 100 Exitos de Rodolfo Aicardi	Rodolfo Aicardi	performer	5. Borremos El Pasado - Rodolfo Aicardi			artist_not_matched_to_authority	performer	PER000338	Rodolfo Aicardi	artist_authority_now_exists			review_multiple_or_missing_recording_id
UNIT0113-17-091	USB - Colección 100 Exitos de Rodolfo Aicardi	Rodolfo Aicardi	performer	6. El Baile Del Brinquito - Rodolfo Aicardi Y Su Tipica Ra7			artist_not_matched_to_authority	performer	PER000338	Rodolfo Aicardi	artist_authority_now_exists			review_multiple_or_missing_recording_id
UNIT0113-17-092	USB - Colección 100 Exitos de Rodolfo Aicardi	Rodolfo Aicardi	performer	7. Tengo Celos - Rodolfo Aicardi Con Los Idolos			artist_not_matched_to_authority	performer	PER000338	Rodolfo Aicardi	artist_authority_now_exists			review_multiple_or_missing_recording_id
UNIT0113-17-093	USB - Colección 100 Exitos de Rodolfo Aicardi	Rodolfo Aicardi	performer	8. Brisa Sala - Rodolfo Aicardi Con Los Idolos			artist_not_matched_to_authority	performer	PER000338	Rodolfo Aicardi	artist_authority_now_exists			review_multiple_or_missing_recording_id
UNIT0113-17-094	USB - Colección 100 Exitos de Rodolfo Aicardi	Rodolfo Aicardi	performer	9. El Ciclon - La Sonora Dinamita			artist_not_matched_to_authority	performer	PER000338	Rodolfo Aicardi	artist_authority_now_exists			review_multiple_or_missing_recording_id
UNIT0113-17-095	USB - Colección 100 Exitos de Rodolfo Aicardi	Rodolfo Aicardi	performer	10. El Jardinero - Los Hispanos			artist_not_matched_to_authority	performer	PER000338	Rodolfo Aicardi	artist_authority_now_exists			review_multiple_or_missing_recording_id
UNIT0113-17-096	USB - Colección 100 Exitos de Rodolfo Aicardi	Rodolfo Aicardi	performer	11. La Hamaca Raya - Rodolfo Aicardi Con Los Bestiales			artist_not_matched_to_authority	performer	PER000338	Rodolfo Aicardi	artist_authority_now_exists			review_multiple_or_missing_recording_id
UNIT0113-17-097	USB - Colección 100 Exitos de Rodolfo Aicardi	Rodolfo Aicardi	performer	12. Se Va La Vida - Rodolfo Aicardi Con Los Hermanos Aicardi			artist_not_matched_to_authority	performer	PER000338	Rodolfo Aicardi	artist_authority_now_exists			review_multiple_or_missing_recording_id
UNIT0113-17-098	USB - Colección 100 Exitos de Rodolfo Aicardi	Rodolfo Aicardi	performer	13. Muchachita Del Oriente - Los Hispanos			artist_not_matched_to_authority	performer	PER000338	Rodolfo Aicardi	artist_authority_now_exists			review_multiple_or_missing_recording_id
UNIT0113-17-099	USB - Colección 100 Exitos de Rodolfo Aicardi	Rodolfo Aicardi	performer	14. Ya Voy Hacia Ti - Los Hispanos			artist_not_matched_to_authority	performer	PER000338	Rodolfo Aicardi	artist_authority_now_exists			review_multiple_or_missing_recording_id
UNIT0113-17-100	USB - Colección 100 Exitos de Rodolfo Aicardi	Rodolfo Aicardi	performer	15. Lindo Clavelito - Los Hispanos			artist_not_matched_to_authority	performer	PER000338	Rodolfo Aicardi	artist_authority_now_exists			review_multiple_or_missing_recording_id
UNIT0113-17-101	USB - Colección 100 Exitos de Rodolfo Aicardi	Rodolfo Aicardi	performer	16. Negra Candela - Los Hispanos			artist_not_matched_to_authority	performer	PER000338	Rodolfo Aicardi	artist_authority_now_exists			review_multiple_or_missing_recording_id
UNIT0113-17-102	USB - Colección 100 Exitos de Rodolfo Aicardi	Rodolfo Aicardi	performer	17. No Me Alcanza - Rodolfo Aicardi Y Su Tipica Ra7			artist_not_matched_to_authority	performer	PER000338	Rodolfo Aicardi	artist_authority_now_exists			review_multiple_or_missing_recording_id
UNIT0113-17-103	USB - Colección 100 Exitos de Rodolfo Aicardi	Rodolfo Aicardi	performer	18. Veinte Años - Rodolfo Aicardi Y Su Tipica Ra7			artist_not_matched_to_authority	performer	PER000338	Rodolfo Aicardi	artist_authority_now_exists			review_multiple_or_missing_recording_id
UNIT0113-17-104	USB - Colección 100 Exitos de Rodolfo Aicardi	Rodolfo Aicardi	performer	19. La Ladrona - Rodolfo Aicardi Con El Grupo Monteadentro			artist_not_matched_to_authority	performer	PER000338	Rodolfo Aicardi	artist_authority_now_exists			review_multiple_or_missing_recording_id
UNIT0113-17-105	USB - Colección 100 Exitos de Rodolfo Aicardi	Rodolfo Aicardi	performer	20. Provinciana - Rodolfo Aicardi Y Su Tipica Ra7			artist_not_matched_to_authority	performer	PER000338	Rodolfo Aicardi	artist_authority_now_exists			review_multiple_or_missing_recording_id
