size	filename	paths
100126	japanese ramen vintage poster.jpg	/srv/storage/Fotos/Ilustraciones/Japanese Ramen Vintage Poster.jpg
100542	464210427_27955904290663589_3299501122736705953_n.jpg	/srv/storage/Fotos/Oldies/464210427_27955904290663589_3299501122736705953_n.jpg
10140189	2025-12-26 183452.mov	/srv/storage/Fotos/Isabel/2025-12-26 183452.mov
101548	2025-12-16 082712(2).jpg	/srv/storage/Fotos/Familia/2025-12-16 082712(2).jpg
101606	2025-12-02 142047(1).jpg	/srv/storage/Fotos/Hycrete/2025-12-02 142047(1).jpg
1016651	2025-05-10 210853.heic	/srv/storage/Fotos/Cabello/2025-05-10 210853.heic
101724	2025-10-23 114921.jpg	/srv/storage/Fotos/Isabel/2025-10-23 114921.jpg
1019032	2025-04-22 172055.heic	/srv/storage/Fotos/Isabel Envios/2025-04-22 172055.heic
102109225	2025-11-03 100152.mov	/srv/storage/Fotos/Matisse/2025-11-03 100152.mov
102532	ykfnll2x.jpg	/srv/storage/Fotos/Ilustraciones/yKfNLl2x.jpg
103037	2025-06-05 211924.jpg	/srv/storage/Fotos/Isabel/2025-06-05 211924.jpg
103142	2025-12-02 142048(1).jpg	/srv/storage/Fotos/Hycrete/2025-12-02 142048(1).jpg
103362	464180617_27955905577330127_7756862619009912053_n.jpg	/srv/storage/Fotos/Oldies/464180617_27955905577330127_7756862619009912053_n.jpg
1033834	2025-01-06 125216.heic	/srv/storage/Fotos/Familia/Omer/2025-01-06 125216.heic
10399539	2026-02-07 123013.mov	/srv/storage/Fotos/Booz/2026-02-07 123013.mov
104071	2025-03-27 135251.jpg	/srv/storage/Fotos/Isabel/2025-03-27 135251.jpg
104131	463925549_10233838561003349_3985395606634273222_n.jpg	/srv/storage/Fotos/Familia/463925549_10233838561003349_3985395606634273222_n.jpg
104151	2025-07-10 212705.jpg	/srv/storage/Fotos/Robinson/2025-07-10 212705.jpg
104638	2025-12-02 142046.jpg	/srv/storage/Fotos/Hycrete/2025-12-02 142046.jpg
1049213	2025-04-22 175833.heic	/srv/storage/Fotos/Docs/2025-04-22 175833.heic
10537003	2025-12-12 190052(1).mov	/srv/storage/Fotos/Bolo/2025-12-12 190052(1).mov
1054530	2025-12-24 091916.heic	/srv/storage/Fotos/Food/2025-12-24 091916.heic
105546	2025-10-12 193221(1).jpg	/srv/storage/Fotos/Isabel/2025-10-12 193221(1).jpg
1056917	2025-05-10 174449.heic	/srv/storage/Fotos/Cabello/2025-05-10 174449.heic
1069402	2026-02-28 143024.heic	/srv/storage/Fotos/Isabel Envios/2026-02-28 143024.heic
107041	2025-04-25 134419.jpg	/srv/storage/Fotos/Oldies/2025-04-25 134419.jpg
107041	orfa99.jpg	/srv/storage/Fotos/Oldies/orfa99.jpg
1076622	1756234953.png	/srv/storage/Fotos/ChatGpt/1756234953.png
107718042	2025-06-22 150212.mov	/srv/storage/Fotos/Food/2025-06-22 150212.mov
1081402	2025-12-31 174119.heic	/srv/storage/Fotos/Orfa/2025-12-31 174119.heic
108168	2025-06-11 132003(1).jpg	/srv/storage/Fotos/Booz/2025-06-11 132003(1).jpg
108234	2025-06-05 211837.jpg	/srv/storage/Fotos/Isabel/2025-06-05 211837.jpg
108362	hannya demon mecha sticker.jpg	/srv/storage/Fotos/Ilustraciones/Hannya Demon Mecha Sticker.jpg
108568	2025-10-07 125627.jpg	/srv/storage/Fotos/Isabel/2025-10-07 125627.jpg
1089253	2025-07-19 104016.heic	/srv/storage/Fotos/Familia/2025-07-19 104016.heic
109222	2025-06-05 212056.jpg	/srv/storage/Fotos/Isabel/2025-06-05 212056.jpg
10928213	2025-08-06 163108.mov	/srv/storage/Fotos/Matisse/2025-08-06 163108.mov
10933369	2025-05-13 204143.mov	/srv/storage/Fotos/Familia/2025-05-13 204143.mov
1095760	2025-12-31 174007.heic	/srv/storage/Fotos/Orfa/2025-12-31 174007.heic
1098893	2025-05-10 180037.heic	/srv/storage/Fotos/Cabello/2025-05-10 180037.heic
1100312	2025-10-29 143418.heic	/srv/storage/Fotos/Matisse/2025-10-29 143418.heic
110273	2025-10-12 193221.jpg	/srv/storage/Fotos/Isabel/2025-10-12 193221.jpg
1103321	2026-02-09 180920.heic	/srv/storage/Fotos/Familia/2026-02-09 180920.heic
1103461	2025-12-25 103915(1).jpg	/srv/storage/Fotos/Isabel/2025-12-25 103915(1).jpg
110654934	2025-06-21 110334.mov	/srv/storage/Fotos/Food/2025-06-21 110334.mov
110695	d26c82ad-33fb-45e9-ba71-9a95985db1a9.jpg	/srv/storage/Fotos/Carmona/d26c82ad-33fb-45e9-ba71-9a95985db1a9.JPG
1109276	2025-11-07 193325.png	/srv/storage/Fotos/Docs/2025-11-07 193325.png
1111483	2025-07-17 230307.png	/srv/storage/Fotos/ChatGpt/2025-07-17 230307.png
1114130	2025-12-24 115931.heic	/srv/storage/Fotos/Food/2025-12-24 115931.heic
1115439	2025-09-16 073116.heic	/srv/storage/Fotos/Food/2025-09-16 073116.heic
1118469	2025-11-07 193941.png	/srv/storage/Fotos/Docs/2025-11-07 193941.png
112396	img_1437.jpg	/srv/storage/Fotos/Familia/IMG_1437.JPG
1124076	2025-11-07 193117.png	/srv/storage/Fotos/Docs/2025-11-07 193117.png
113093	oyo01.jpg	/srv/storage/Fotos/Oldies/oyo01.jpg
1135740	2025-09-11 134626.heic	/srv/storage/Fotos/Docs/2025-09-11 134626.heic
1138933	2025-05-10 180051(1).heic	/srv/storage/Fotos/Cabello/2025-05-10 180051(1).heic
1138933	2025-05-10 180051.heic	/srv/storage/Fotos/Cabello/2025-05-10 180051.heic
1138933	img_1558.heic	/srv/storage/Fotos/Familia/IMG_1558.HEIC
114419	2024-08-08 141827.jpg	/srv/storage/Fotos/Isabel/2024-08-08 141827.jpg
114439	fantasy character.jpg	/srv/storage/Fotos/Ilustraciones/Fantasy Character.jpg
114528738	2025-08-15 215820.mov	/srv/storage/Fotos/Food/2025-08-15 215820.mov
1149440	2025-11-07 194827.png	/srv/storage/Fotos/Docs/2025-11-07 194827.png
1151739	2026-01-05 212845.heic	/srv/storage/Fotos/Docs/2026-01-05 212845.heic
115277007	2025-07-10 063903.mov	/srv/storage/Fotos/Familia/2025-07-10 063903.mov
115821	2026-01-27 170539.jpg	/srv/storage/Fotos/Bolo/2026-01-27 170539.jpg
1171202	2026-02-10 100324.heic	/srv/storage/Fotos/Matisse/2026-02-10 100324.heic
117131	464207633_27955906423996709_385467508068044269_n.jpg	/srv/storage/Fotos/Oldies/464207633_27955906423996709_385467508068044269_n.jpg
1177572	2025-11-23 225407.heic	/srv/storage/Fotos/Orfa/2025-11-23 225407.heic
1178654	2025-11-07 192719.png	/srv/storage/Fotos/Docs/2025-11-07 192719.png
11799	2025-04-26 134202.jpg	/srv/storage/Fotos/Misc/2025-04-26 134202.jpg
118226	img_1444.jpg	/srv/storage/Fotos/Familia/IMG_1444.JPG
1182716	2025-12-31 173945.heic	/srv/storage/Fotos/Orfa/2025-12-31 173945.heic
1183480	2025-12-31 174039.heic	/srv/storage/Fotos/Orfa/2025-12-31 174039.heic
118413	462713671_10233737832725205_5796207716762058032_n.jpg	/srv/storage/Fotos/Familia/462713671_10233737832725205_5796207716762058032_n.jpg
118812	2025-08-09 164318.jpg	/srv/storage/Fotos/Cali/2025-08-09 164318.jpg
1188765	2025-04-25 070542.heic	/srv/storage/Fotos/Isabel Envios/2025-04-25 070542.heic
1189349	2025-11-23 225439.heic	/srv/storage/Fotos/Orfa/2025-11-23 225439.heic
119338	2025-10-12 193220(1).jpg	/srv/storage/Fotos/Isabel/2025-10-12 193220(1).jpg
119371	2025-03-18 115858.jpg	/srv/storage/Fotos/Cabello/2025-03-18 115858.jpg
1205180	2025-12-26 075929.heic	/srv/storage/Fotos/Matisse/2025-12-26 075929.heic
1208774	2023-01-14 152321.heic	/srv/storage/Fotos/Robinson/20230114 GS Mall/2023-01-14 152321.heic
1212678	2025-12-31 173840.heic	/srv/storage/Fotos/Orfa/2025-12-31 173840.heic
1213852	2025-07-08 162149.heic	/srv/storage/Fotos/Familia/2025-07-08 162149.heic
121439	464246077_27955904787330206_853988487756603034_n.jpg	/srv/storage/Fotos/Oldies/464246077_27955904787330206_853988487756603034_n.jpg
121617	2026-01-30 223452.jpg	/srv/storage/Fotos/paola/2026-01-30 223452.jpg
121636624	img_2052.mov	/srv/storage/Fotos/Food/IMG_2052.MOV
1221598	2024-06-25 142608.heic	/srv/storage/Fotos/Hycrete/2024-06-25 142608.heic
122382754	img_2054.mov	/srv/storage/Fotos/Food/IMG_2054.MOV
122554	464366607_27955906127330072_5626098821032707838_n.jpg	/srv/storage/Fotos/Oldies/464366607_27955906127330072_5626098821032707838_n.jpg
123986	2025-12-14 121557.jpg	/srv/storage/Fotos/Isabel Envios/2025-12-14 121557.jpg
124056	464313514_27955904283996923_2614037358717275458_n.jpg	/srv/storage/Fotos/Oldies/464313514_27955904283996923_2614037358717275458_n.jpg
1241401	2023-01-23 111835.heic	/srv/storage/Fotos/Hycrete/2023-01-23 111835.heic
1241851	2025-10-24 092705.heic	/srv/storage/Fotos/Cosmeticos/2025-10-24 092705.heic
124360	2026-02-10 102139.jpg	/srv/storage/Fotos/Isabel/2026-02-10 102139.jpg
1243658	2025-07-10 064500.heic	/srv/storage/Fotos/Familia/2025-07-10 064500.heic
124578	2026-02-14 153853.jpg	/srv/storage/Fotos/Robinson/2026-02-14 153853.jpg
1247522	2025-04-09 133946.heic	/srv/storage/Fotos/Chocolate/2025-04-09 133946.heic
124834	464220971_27955904263996925_3190439098173292894_n.jpg	/srv/storage/Fotos/Oldies/464220971_27955904263996925_3190439098173292894_n.jpg
124959565	2025-04-22 191940.mov	/srv/storage/Fotos/Misc/2025-04-22 191940.mov
125148	2025-10-06 133535.jpg	/srv/storage/Fotos/Isabel/2025-10-06 133535.jpg
125344	2026-02-14 153806.jpg	/srv/storage/Fotos/Robinson/2026-02-14 153806.jpg
125501282	2025-12-14 112959.mov	/srv/storage/Fotos/Familia/2025-12-14 112959.mov
1261317	2025-09-08 143016.heic	/srv/storage/Fotos/Food/2025-09-08 143016.heic
126303	2025-04-30 222920.jpg	/srv/storage/Fotos/Booz/2025-04-30 222920.jpg
1264743	2026-02-17 093503.heic	/srv/storage/Fotos/Misc/2026-02-17 093503.heic
126502	2025-04-04 094415.jpg	/srv/storage/Fotos/Familia/2025-04-04 094415.jpg
126729	464145939_27955906710663347_5414210218292293141_n.jpg	/srv/storage/Fotos/Oldies/464145939_27955906710663347_5414210218292293141_n.jpg
1268283	2025-04-23 195834.heic	/srv/storage/Fotos/Familia/2025-04-23 195834.heic
126903	2025-08-06 112742(1).jpg	/srv/storage/Fotos/Oldies/2025-08-06 112742(1).jpg
1271410	2026-02-10 100317.heic	/srv/storage/Fotos/Matisse/2026-02-10 100317.heic
1272620	2025-12-31 173811.heic	/srv/storage/Fotos/Orfa/2025-12-31 173811.heic
127363745	2026-01-13 181721.mov	/srv/storage/Fotos/Food/2026-01-13 181721.mov
127395	81+lev5kncl._ac_uf1000,1000_ql80_.jpg	/srv/storage/Fotos/Ilustraciones/81+LeV5KNcL._AC_UF1000,1000_QL80_.jpg
1279845	2023-01-14 152325.heic	/srv/storage/Fotos/Robinson/20230114 GS Mall/2023-01-14 152325.heic
1283068	2025-05-10 210925.heic	/srv/storage/Fotos/Cabello/2025-05-10 210925.heic
129460	2025-10-07 134459.jpg	/srv/storage/Fotos/Isabel/2025-10-07 134459.jpg
1298576	2025-03-17 192238.heic	/srv/storage/Fotos/Orfa/2025-03-17 192238.heic
12991690	2025-08-16 160924.mov	/srv/storage/Fotos/Food/2025-08-16 160924.mov
1299816	2025-09-30 165400.heic	/srv/storage/Fotos/Matisse/2025-09-30 165400.heic
130186	2025-07-26 214219.jpg	/srv/storage/Fotos/Isabel/2025-07-26 214219.jpg
130712	2025-12-30 211547.jpg	/srv/storage/Fotos/Booz/2025-12-30 211547.jpg
130871	2025-10-12 193220.jpg	/srv/storage/Fotos/Isabel/2025-10-12 193220.jpg
1309668	2025-06-21 105937.heic	/srv/storage/Fotos/Food/2025-06-21 105937.heic
1310287	2025-09-08 142904.heic	/srv/storage/Fotos/Food/2025-09-08 142904.heic
131109035	2025-07-28 162635.mov	/srv/storage/Fotos/Carro/2025-07-28 162635.mov
1311125	2025-06-02 173037.heic	/srv/storage/Fotos/Orfa/2025-06-02 173037.heic
1313818	2024-04-10 111359.heic	/srv/storage/Fotos/Hycrete/2024-04-10 111359.heic
1314082	2025-03-17 192230.heic	/srv/storage/Fotos/Orfa/2025-03-17 192230.heic
131510	2025-10-07 134526.jpg	/srv/storage/Fotos/Isabel/2025-10-07 134526.jpg
1317506	2026-02-10 100309.heic	/srv/storage/Fotos/Matisse/2026-02-10 100309.heic
1317538	2025-11-24 153628.heic	/srv/storage/Fotos/Food/2025-11-24 153628.heic
131800	2025-06-05 211958.jpg	/srv/storage/Fotos/Isabel/2025-06-05 211958.jpg
1318221	2025-08-15 180842.heic	/srv/storage/Fotos/Food/2025-08-15 180842.heic
1323000	2025-09-04 154855.jpg	/srv/storage/Fotos/Yuli/2025-09-04 154855.jpg
132624	2025-09-08 172425.jpg	/srv/storage/Fotos/Isabel Envios/2025-09-08 172425.jpg
1329300	2026-02-11 195720.heic	/srv/storage/Fotos/Orfa/2026-02-11 195720.heic
13302443	2019-07-28 001948.mp4	/srv/storage/Fotos/Food/Rocket Stove/2019-07-28 001948.mp4
1331565	2025-09-08 142803.heic	/srv/storage/Fotos/Food/2025-09-08 142803.heic
1333989	2025-05-13 203942.heic	/srv/storage/Fotos/Familia/2025-05-13 203942.heic
1335675	2025-03-17 192224.heic	/srv/storage/Fotos/Orfa/2025-03-17 192224.heic
133971	2025-11-29 145944.jpg	/srv/storage/Fotos/paola/2025-11-29 145944.jpg
13398279	2025-11-11 070143.mov	/srv/storage/Fotos/Hycrete/2025-11-11 070143.mov
134044259	2025-12-14 124320.mov	/srv/storage/Fotos/Familia/2025-12-14 124320.mov
134477	464108029_27955906153996736_167585269478575125_n.jpg	/srv/storage/Fotos/Oldies/464108029_27955906153996736_167585269478575125_n.jpg
1346409	2025-08-15 112118.heic	/srv/storage/Fotos/Docs/2025-08-15 112118.heic
1350617	2025-11-26 174305.heic	/srv/storage/Fotos/Food/2025-11-26 174305.heic
135068	2026-01-27 170529.jpg	/srv/storage/Fotos/Bolo/2026-01-27 170529.jpg
135406	2025-07-28 143722.jpg	/srv/storage/Fotos/Isabel/2025-07-28 143722.jpg
1354063	2025-11-26 174747.heic	/srv/storage/Fotos/Food/2025-11-26 174747.heic
1355820	2025-10-03 105028.heic	/srv/storage/Fotos/Docs/2025-10-03 105028.heic
1358336	2025-03-17 192226.heic	/srv/storage/Fotos/Orfa/2025-03-17 192226.heic
1359075	2025-03-17 192214.heic	/srv/storage/Fotos/Orfa/2025-03-17 192214.heic
1361381	2025-09-08 165842.heic	/srv/storage/Fotos/Isabel Envios/2025-09-08 165842.heic
1362239	2025-11-26 174649.heic	/srv/storage/Fotos/Food/2025-11-26 174649.heic
1365327	2023-03-20 103714.heic	/srv/storage/Fotos/Hycrete/2023-03-20 103714.heic
1368362	2025-10-29 095933.heic	/srv/storage/Fotos/Matisse/2025-10-29 095933.heic
136847	2026-01-26 121924.jpg	/srv/storage/Fotos/paola/2026-01-26 121924.jpg
136867419	2025-08-15 211219.mov	/srv/storage/Fotos/Food/2025-08-15 211219.mov
136931	2025-06-05 211524.jpg	/srv/storage/Fotos/Isabel/2025-06-05 211524.jpg
137069	88197013_3219329954747844_8318287518369841152_n.jpg	/srv/storage/Fotos/ChatGpt/88197013_3219329954747844_8318287518369841152_n.jpg
137069	chatgpt image may 12, 2026, 12_51_57 pm 0.jpg	/srv/storage/Fotos/ChatGpt/ChatGPT Image May 12, 2026, 12_51_57 PM 0.jpg
1371079	2025-08-19 114932.heic	/srv/storage/Fotos/Matisse/2025-08-19 114932.heic
1373332	2026-01-07 104932.heic	/srv/storage/Fotos/Matisse/2026-01-07 104932.heic
1374102	2025-11-26 174255.heic	/srv/storage/Fotos/Food/2025-11-26 174255.heic
1375981	2025-11-12 144550.heic	/srv/storage/Fotos/Matisse/2025-11-12 144550.heic
1376906	2025-11-26 174349.heic	/srv/storage/Fotos/Food/2025-11-26 174349.heic
1377489	2025-10-24 092713.heic	/srv/storage/Fotos/Cosmeticos/2025-10-24 092713.heic
1377877	2025-11-26 142309.heic	/srv/storage/Fotos/Matisse Workers/2025-11-26 142309.heic
138113	464286678_27955905590663459_7175944148267166638_n.jpg	/srv/storage/Fotos/Oldies/464286678_27955905590663459_7175944148267166638_n.jpg
13823431	2025-10-12 193301.mov	/srv/storage/Fotos/Isabel/2025-10-12 193301.mov
1385832	2026-01-07 135017.heic	/srv/storage/Fotos/Matisse/2026-01-07 135017.heic
1387084	2025-11-26 174920.heic	/srv/storage/Fotos/Food/2025-11-26 174920.heic
139092	2025-10-31 185230.jpg	/srv/storage/Fotos/paola/2025-10-31 185230.jpg
1391440	2026-01-16 113319.heic	/srv/storage/Fotos/Misc/2026-01-16 113319.heic
139175	2026-01-30 223554.jpg	/srv/storage/Fotos/paola/2026-01-30 223554.jpg
1392397	2025-05-29 170335.heic	/srv/storage/Fotos/Carro/2025-05-29 170335.heic
1393376	2025-06-07 180024.heic	/srv/storage/Fotos/Isabel Envios/2025-06-07 180024.heic
1396544	2025-08-19 114436.heic	/srv/storage/Fotos/Matisse/2025-08-19 114436.heic
139721	2025-10-12 193220(2).jpg	/srv/storage/Fotos/Isabel/2025-10-12 193220(2).jpg
1398372	2025-11-26 174531.heic	/srv/storage/Fotos/Food/2025-11-26 174531.heic
1400983	2025-06-02 173043.heic	/srv/storage/Fotos/Orfa/2025-06-02 173043.heic
140356285	2025-09-08 174519.mov	/srv/storage/Fotos/Isabel Envios/2025-09-08 174519.mov
1408043	2025-11-26 174831.heic	/srv/storage/Fotos/Food/2025-11-26 174831.heic
14085911	2026-01-22 103157.mov	/srv/storage/Fotos/Booz/2026-01-22 103157.mov
1410297	2025-11-26 174614.heic	/srv/storage/Fotos/Food/2025-11-26 174614.heic
141053	2025-09-22 142756.jpg	/srv/storage/Fotos/Yuli/2025-09-22 142756.jpg
1413598	2023-01-14 152300.heic	/srv/storage/Fotos/Robinson/20230114 GS Mall/2023-01-14 152300.heic
1416022	2019-04-20 144446.jpg	/srv/storage/Fotos/Familia/2019-04-20 144446.jpg
1416210	2025-10-05 120442.heic	/srv/storage/Fotos/Food/2025-10-05 120442.heic
1418417	2023-05-12 083114.heic	/srv/storage/Fotos/Hycrete/2023-05-12 083114.heic
14203474	2026-01-22 114818.mov	/srv/storage/Fotos/Booz/2026-01-22 114818.mov
1421462	2025-03-17 192220.heic	/srv/storage/Fotos/Orfa/2025-03-17 192220.heic
1422815	2025-06-08 161427.heic	/srv/storage/Fotos/Isabel Envios/2025-06-08 161427.heic
14234082	2025-12-21 161736.mov	/srv/storage/Fotos/Booz/2025-12-21 161736.mov
1427177	2023-03-22 140710.heic	/srv/storage/Fotos/Hycrete/2023-03-22 140710.heic
143409454	2025-08-16 172558.mov	/srv/storage/Fotos/Food/2025-08-16 172558.mov
1434385	2026-01-07 135226.heic	/srv/storage/Fotos/Matisse/2026-01-07 135226.heic
1435305	2025-09-04 154624.jpg	/srv/storage/Fotos/Yuli/2025-09-04 154624.jpg
144137	2025-12-25 103915.jpg	/srv/storage/Fotos/Isabel/2025-12-25 103915.jpg
1442569	2025-06-07 175508.heic	/srv/storage/Fotos/Isabel Envios/2025-06-07 175508.heic
1444571	2026-01-07 105111.heic	/srv/storage/Fotos/Matisse/2026-01-07 105111.heic
1446951	2025-05-13 203941.heic	/srv/storage/Fotos/Familia/2025-05-13 203941.heic
1449416	2025-11-02 141524.heic	/srv/storage/Fotos/Matisse/2025-11-02 141524.heic
1449675	2023-04-03 104858.heic	/srv/storage/Fotos/Hycrete/2023-04-03 104858.heic
1450365	2025-06-07 175442.heic	/srv/storage/Fotos/Isabel Envios/2025-06-07 175442.heic
1452325	2025-08-15 181930.heic	/srv/storage/Fotos/Food/2025-08-15 181930.heic
145297384	2025-03-16 125814.mov	/srv/storage/Fotos/Food/2025-03-16 125814.mov
1456214	2025-04-20 164821.png	/srv/storage/Fotos/Misc/2025-04-20 164821.png
1457891	2026-01-10 180903.heic	/srv/storage/Fotos/Food/2026-01-10 180903.heic
1458214	2025-08-11 145550.heic	/srv/storage/Fotos/Misc/2025-08-11 145550.heic
1458362	2025-09-04 154709.jpg	/srv/storage/Fotos/Yuli/2025-09-04 154709.jpg
1459040	2025-04-16 075918.heic	/srv/storage/Fotos/Food/2025-04-16 075918.heic
145984	2025-04-30 222928.jpg	/srv/storage/Fotos/Booz/2025-04-30 222928.jpg
1460806	2025-05-10 160855.heic	/srv/storage/Fotos/Cabello/2025-05-10 160855.heic
1465164	2025-06-09 215209.heic	/srv/storage/Fotos/Isabel Envios/2025-06-09 215209.heic
1467646	2025-12-25 213101.heic	/srv/storage/Fotos/Docs/2025-12-25 213101.heic
1471972	2025-12-24 091551.heic	/srv/storage/Fotos/Food/2025-12-24 091551.heic
147217	2025-06-16 072808.jpg	/srv/storage/Fotos/Bolo/2025-06-16 072808.jpg
1473846	2025-05-10 174507.heic	/srv/storage/Fotos/Cabello/2025-05-10 174507.heic
1473921	2026-01-20 102056.heic	/srv/storage/Fotos/Chocolate/2026-01-20 102056.heic
1474358	2025-08-19 114424.heic	/srv/storage/Fotos/Matisse/2025-08-19 114424.heic
1474631	2025-06-02 173255.heic	/srv/storage/Fotos/Orfa/2025-06-02 173255.heic
1475088	2021-09-11 101637.heic	/srv/storage/Fotos/Food/2021-09-11 101637.heic
147539	a27f64e0-bbdd-40c9-b351-259ee8e88c48.jpg	/srv/storage/Fotos/Carmona/a27f64e0-bbdd-40c9-b351-259ee8e88c48.JPG
147553	2025-10-09 183008.jpg	/srv/storage/Fotos/Yuli/2025-10-09 183008.jpg
147623	2025-12-09 075249.jpg	/srv/storage/Fotos/Misc/2025-12-09 075249.jpg
1476854	2024-03-11 081323.heic	/srv/storage/Fotos/Hycrete/2024-03-11 081323.heic
1478379	2024-09-25 093452.heic	/srv/storage/Fotos/Familia/Omer/2024-09-25 093452.heic
1485013	2025-03-20 131741.heic	/srv/storage/Fotos/Chocolate/2025-03-20 131741.heic
1485534	2025-11-08 215509.heic	/srv/storage/Fotos/Medical/2025-11-08 215509.heic
1485853	2023-04-12 144201.heic	/srv/storage/Fotos/Hycrete/2023-04-12 144201.heic
1487392	2025-08-15 181822.heic	/srv/storage/Fotos/Food/2025-08-15 181822.heic
149095	2025-11-19 084154.jpg	/srv/storage/Fotos/Misc/2025-11-19 084154.jpg
1491056	2023-02-27 150436.heic	/srv/storage/Fotos/Hycrete/2023-02-27 150436.heic
1492014	2026-01-02 095145.heic	/srv/storage/Fotos/Matisse/2026-01-02 095145.heic
1493032	2025-10-02 220419.heic	/srv/storage/Fotos/Misc/2025-10-02 220419.heic
1494254	2025-08-15 181533.heic	/srv/storage/Fotos/Food/2025-08-15 181533.heic
1495998	2026-01-07 135052.heic	/srv/storage/Fotos/Matisse/2026-01-07 135052.heic
1496245	2023-04-03 103639.heic	/srv/storage/Fotos/Hycrete/2023-04-03 103639.heic
1499387	2025-12-02 202402.heic	/srv/storage/Fotos/Food/2025-12-02 202402.heic
1499778	2025-06-02 173032.heic	/srv/storage/Fotos/Orfa/2025-06-02 173032.heic
1499898	2024-02-18 122748.heic	/srv/storage/Fotos/Food/2024-02-18 122748.heic
1500422	2025-06-07 174849.heic	/srv/storage/Fotos/Isabel Envios/2025-06-07 174849.heic
1500735	2025-10-10 125133.heic	/srv/storage/Fotos/Matisse/2025-10-10 125133.heic
1501772	2025-09-08 165847.heic	/srv/storage/Fotos/Isabel Envios/2025-09-08 165847.heic
150216	464211370_27955906437330041_48365336157517280_n.jpg	/srv/storage/Fotos/Oldies/464211370_27955906437330041_48365336157517280_n.jpg
1503399	2025-11-14 095310.heic	/srv/storage/Fotos/Matisse/2025-11-14 095310.heic
1503925	2025-06-07 175938.heic	/srv/storage/Fotos/Isabel Envios/2025-06-07 175938.heic
1504227	2025-12-24 115925.heic	/srv/storage/Fotos/Food/2025-12-24 115925.heic
150453	2025-09-09 112810.jpg	/srv/storage/Fotos/Isabel/2025-09-09 112810.jpg
1506133	2025-09-04 154740.jpg	/srv/storage/Fotos/Yuli/2025-09-04 154740.jpg
1506897	2026-02-10 100332.heic	/srv/storage/Fotos/Matisse/2026-02-10 100332.heic
15075391	2019-06-01 164547.mp4	/srv/storage/Fotos/Food/Rocket Stove/2019-06-01 164547.mp4
150869	2025-09-22 142804.jpg	/srv/storage/Fotos/Yuli/2025-09-22 142804.jpg
151155	2025-07-02 204419.jpg	/srv/storage/Fotos/Isabel/2025-07-02 204419.jpg
151172	2026-02-16 224524.jpg	/srv/storage/Fotos/Robinson/2026-02-16 224524.jpg
1513511	2023-05-17 135905.heic	/srv/storage/Fotos/Hycrete/2023-05-17 135905.heic
151653	2025-07-02 222934.jpg	/srv/storage/Fotos/Lola/2025-07-02 222934.jpg
1518694	2024-09-25 093440.heic	/srv/storage/Fotos/Familia/Omer/2024-09-25 093440.heic
151898	2026-01-17 115755.jpg	/srv/storage/Fotos/Robinson/2026-01-17 115755.jpg
151899	2025-08-19 133525.jpg	/srv/storage/Fotos/Booz/2025-08-19 133525.jpg
15191686	2026-01-22 103918.mov	/srv/storage/Fotos/Booz/2026-01-22 103918.mov
152029	464375354_27955904777330207_5185417929627739521_n.jpg	/srv/storage/Fotos/Oldies/464375354_27955904777330207_5185417929627739521_n.jpg
1520461	2025-09-05 164133.png	/srv/storage/Fotos/Cali/2025-09-05 164133.png
1520995	2026-01-02 094951.heic	/srv/storage/Fotos/Matisse/2026-01-02 094951.heic
1521443	2026-01-07 130308.heic	/srv/storage/Fotos/Matisse/2026-01-07 130308.heic
1523130	2025-10-10 125227.heic	/srv/storage/Fotos/Matisse/2025-10-10 125227.heic
1524829	2025-11-27 162745.heic	/srv/storage/Fotos/Familia/2025-11-27 162745.heic
1525082	2025-11-08 120026.heic	/srv/storage/Fotos/Cosmeticos/2025-11-08 120026.heic
1525686	2025-06-07 192549.heic	/srv/storage/Fotos/Isabel Envios/2025-06-07 192549.heic
1526091	2025-06-22 145517.heic	/srv/storage/Fotos/Food/2025-06-22 145517.heic
1527483	2025-03-31 210128.heic	/srv/storage/Fotos/Familia/2025-03-31 210128.heic
152952	2025-08-25 064903.jpg	/srv/storage/Fotos/Isabel/2025-08-25 064903.jpg
1531620	2026-03-06 230557.heic	/srv/storage/Fotos/Cosmeticos/2026-03-06 230557.heic
1532615	2024-02-11 152805.heic	/srv/storage/Fotos/Docs/2024-02-11 152805.heic
1534218	2026-02-18 102058.heic	/srv/storage/Fotos/Matisse/2026-02-18 102058.heic
1534526	2025-11-06 141311.heic	/srv/storage/Fotos/Chocolate/2025-11-06 141311.heic
1536169	2023-04-12 133612.heic	/srv/storage/Fotos/Hycrete/2023-04-12 133612.heic
153696	2025-08-11 170029.jpg	/srv/storage/Fotos/Yuli/2025-08-11 170029.jpg
1537128	2025-11-03 115934.heic	/srv/storage/Fotos/Matisse/2025-11-03 115934.heic
1538110	2025-11-22 161821.heic	/srv/storage/Fotos/Misc/2025-11-22 161821.heic
153901	2025-06-03 163224(4).jpg	/srv/storage/Fotos/Isabel/2025-06-03 163224(4).jpg
1539038	2025-06-07 174924.heic	/srv/storage/Fotos/Isabel Envios/2025-06-07 174924.heic
1539240	2025-08-19 141542.heic	/srv/storage/Fotos/Matisse/2025-08-19 141542.heic
1540172	2024-03-11 091359.heic	/srv/storage/Fotos/Hycrete/2024-03-11 091359.heic
1541595	2026-02-05 102244.heic	/srv/storage/Fotos/Orfa Work Time/2026-02-05 102244.heic
1541651	2025-08-15 181844.heic	/srv/storage/Fotos/Food/2025-08-15 181844.heic
154196	81u5db0edgl._ac_uf1000,1000_ql80_.jpg	/srv/storage/Fotos/Ilustraciones/81U5db0edGL._AC_UF1000,1000_QL80_.jpg
1542815	2025-06-10 120259.heic	/srv/storage/Fotos/Isabel Envios/2025-06-10 120259.heic
1543987	2025-05-13 204208.heic	/srv/storage/Fotos/Familia/2025-05-13 204208.heic
1544996	2023-01-14 152305.heic	/srv/storage/Fotos/Robinson/20230114 GS Mall/2023-01-14 152305.heic
1545652	2025-05-21 164633.heic	/srv/storage/Fotos/Chocolate/2025-05-21 164633.heic
1545708	2025-07-05 162524.heic	/srv/storage/Fotos/Familia/2025-07-05 162524.heic
1547600	2025-06-07 174511.heic	/srv/storage/Fotos/Isabel Envios/2025-06-07 174511.heic
1554446	2024-04-29 125922.heic	/srv/storage/Fotos/Docs/2024-04-29 125922.heic
1555199	2025-11-26 174642.heic	/srv/storage/Fotos/Food/2025-11-26 174642.heic
1555575	2026-01-05 161827.heic	/srv/storage/Fotos/Matisse/2026-01-05 161827.heic
1556496	2024-04-19 083012.heic	/srv/storage/Fotos/Medical/2024-04-19 083012.heic
1558619	2025-06-02 173254.heic	/srv/storage/Fotos/Orfa/2025-06-02 173254.heic
1559042	2024-04-19 082908.heic	/srv/storage/Fotos/Medical/2024-04-19 082908.heic
1559503	2025-09-16 100410.heic	/srv/storage/Fotos/Matisse Workers/2025-09-16 100410.heic
1561771	img_2096.heic	/srv/storage/Fotos/Familia/IMG_2096.HEIC
1565308	2025-08-15 175824.heic	/srv/storage/Fotos/Food/2025-08-15 175824.heic
1567808	2026-02-02 203520.heic	/srv/storage/Fotos/Foods Costco/2026-02-02 203520.heic
1568632	2025-07-30 104257.heic	/srv/storage/Fotos/Orfa Work Time/2025-07-30 104257.heic
157090864	2026-01-12 133746.mov	/srv/storage/Fotos/Food/2026-01-12 133746.mov
1571043	2025-11-07 113406.heic	/srv/storage/Fotos/Matisse/2025-11-07 113406.heic
157220	2025-09-25 151827.jpg	/srv/storage/Fotos/Oldies/2025-09-25 151827.jpg
1573215	2024-04-10 102451.heic	/srv/storage/Fotos/Hycrete/2024-04-10 102451.heic
1576225	2025-07-09 211643.heic	/srv/storage/Fotos/Wilma/2025-07-09 211643.heic
1581550	2025-08-19 114911.heic	/srv/storage/Fotos/Matisse/2025-08-19 114911.heic
1583557	2024-11-24 160543.heic	/srv/storage/Fotos/Food/241122 Lomo de Cerdo Horno/2024-11-24 160543.heic
158450	2025-06-03 163224(3).jpg	/srv/storage/Fotos/Isabel/2025-06-03 163224(3).jpg
158470765	img_2055.mov	/srv/storage/Fotos/Food/IMG_2055.MOV
1588659	2025-03-31 210018.heic	/srv/storage/Fotos/Docs/2025-03-31 210018.heic
1589157	2025-06-07 213257.heic	/srv/storage/Fotos/Isabel Envios/2025-06-07 213257.heic
1591312	2025-11-08 115936.heic	/srv/storage/Fotos/Cosmeticos/2025-11-08 115936.heic
1594415	2026-02-17 095850.heic	/srv/storage/Fotos/Orfa Work Time/2026-02-17 095850.heic
1594486	2025-06-07 175152.heic	/srv/storage/Fotos/Isabel Envios/2025-06-07 175152.heic
1594590	2023-04-12 133728.heic	/srv/storage/Fotos/Hycrete/2023-04-12 133728.heic
159472930	2025-06-22 144604.mov	/srv/storage/Fotos/Food/2025-06-22 144604.mov
1596350	2025-05-13 191327.heic	/srv/storage/Fotos/Familia/2025-05-13 191327.heic
1600083	2025-08-15 175036.heic	/srv/storage/Fotos/Food/2025-08-15 175036.heic
160307	2025-08-16 084322.jpg	/srv/storage/Fotos/Misc/2025-08-16 084322.jpg
1604646	2025-06-19 145327.heic	/srv/storage/Fotos/Chocolate/2025-06-19 145327.heic
160468	2025-08-08 104056.jpg	/srv/storage/Fotos/Misc/2025-08-08 104056.jpg
160883	2025-03-15 200537.jpg	/srv/storage/Fotos/Misc/2025-03-15 200537.jpg
161068	2025-11-16 063354.jpg	/srv/storage/Fotos/Misc/2025-11-16 063354.jpg
1612082	2025-08-11 145553.heic	/srv/storage/Fotos/Misc/2025-08-11 145553.heic
161231	2025-12-13 102530.jpg	/srv/storage/Fotos/Isabel/2025-12-13 102530.jpg
1613520	2026-01-05 161822.heic	/srv/storage/Fotos/Matisse/2026-01-05 161822.heic
1613565	2025-08-11 152206.heic	/srv/storage/Fotos/Misc/2025-08-11 152206.heic
1613879	2025-12-30 095914.heic	/srv/storage/Fotos/Matisse/2025-12-30 095914.heic
1614069	2024-02-24 171610.heic	/srv/storage/Fotos/Food/2024-02-24 171610.heic
1614806	2025-05-25 183718.png	/srv/storage/Fotos/Isabel/2025-05-25 183718.png
1614897	2026-02-26 161636.heic	/srv/storage/Fotos/Matisse/2026-02-26 161636.heic
1616229	2025-04-19 175224.heic	/srv/storage/Fotos/Familia/2025-04-19 175224.heic
1618101	2026-01-09 135839.heic	/srv/storage/Fotos/Matisse/2026-01-09 135839.heic
1621866	2025-06-07 180103.heic	/srv/storage/Fotos/Isabel Envios/2025-06-07 180103.heic
16234907	2025-12-30 091742.mov	/srv/storage/Fotos/Booz/2025-12-30 091742.mov
1623614	2025-08-15 175056.heic	/srv/storage/Fotos/Food/2025-08-15 175056.heic
1625425	2025-06-07 174549.heic	/srv/storage/Fotos/Isabel Envios/2025-06-07 174549.heic
162758	2025-06-03 163224.jpg	/srv/storage/Fotos/Isabel/2025-06-03 163224.jpg
162805	2025-12-01 121335.jpg	/srv/storage/Fotos/Isabel/2025-12-01 121335.jpg
1628451	2025-08-19 114428.heic	/srv/storage/Fotos/Matisse/2025-08-19 114428.heic
1628659	2025-09-01 131738.heic	/srv/storage/Fotos/Docs/2025-09-01 131738.heic
1630370	2025-08-11 152143.heic	/srv/storage/Fotos/Misc/2025-08-11 152143.heic
1634885	2026-01-07 111842.heic	/srv/storage/Fotos/Matisse/2026-01-07 111842.heic
163983	2025-06-03 163223(1).jpg	/srv/storage/Fotos/Isabel/2025-06-03 163223(1).jpg
1640155	2025-04-19 175213.heic	/srv/storage/Fotos/Familia/2025-04-19 175213.heic
1641755	2025-03-24 190444.heic	/srv/storage/Fotos/Isabel Envios/2025-03-24 190444.heic
1642004	2025-05-09 120342.heic	/srv/storage/Fotos/Chocolate/2025-05-09 120342.heic
164261624	2026-01-22 095247.mov	/srv/storage/Fotos/Booz/2026-01-22 095247.mov
1645953	2023-06-13 061907.heic	/srv/storage/Fotos/Food/2023-06-13 061907.heic
1646356	2025-06-09 214852.heic	/srv/storage/Fotos/Isabel Envios/2025-06-09 214852.heic
164641	2025-06-01 113519.jpg	/srv/storage/Fotos/Isabel/2025-06-01 113519.jpg
1647386	2023-01-14 164933.heic	/srv/storage/Fotos/Robinson/20230114 GS Mall/2023-01-14 164933.heic
164823	2025-11-07 095147.jpg	/srv/storage/Fotos/Docs/2025-11-07 095147.jpg
165040	2025-06-01 113508.jpg	/srv/storage/Fotos/Booz/2025-06-01 113508.jpg
165405	kitg0ang.jpg	/srv/storage/Fotos/Ilustraciones/kItG0anG.jpg
165432	2025-06-03 163223.jpg	/srv/storage/Fotos/Isabel/2025-06-03 163223.jpg
1658042	2025-11-12 123307.heic	/srv/storage/Fotos/Matisse/2025-11-12 123307.heic
1658105	2023-01-14 164924.heic	/srv/storage/Fotos/Robinson/20230114 GS Mall/2023-01-14 164924.heic
1658323	2025-09-08 180404.heic	/srv/storage/Fotos/Medical/2025-09-08 180404.heic
1659797	2025-06-09 213027.heic	/srv/storage/Fotos/Isabel Envios/2025-06-09 213027.heic
1660824	2025-11-12 150707.heic	/srv/storage/Fotos/Matisse/2025-11-12 150707.heic
1662874	2025-04-09 133934.heic	/srv/storage/Fotos/Chocolate/2025-04-09 133934.heic
1663100	2026-01-22 094211.heic	/srv/storage/Fotos/Misc/2026-01-22 094211.heic
1664820	2023-03-20 103618.heic	/srv/storage/Fotos/Hycrete/2023-03-20 103618.heic
166485	2026-01-30 223337.jpg	/srv/storage/Fotos/paola/2026-01-30 223337.jpg
1665001	2025-12-06 161841.heic	/srv/storage/Fotos/Docs/2025-12-06 161841.heic
1666345	2026-02-26 155756.heic	/srv/storage/Fotos/Matisse/2026-02-26 155756.heic
1668493	2025-11-04 133850.heic	/srv/storage/Fotos/Matisse/2025-11-04 133850.heic
166961	2025-06-03 163224(1).jpg	/srv/storage/Fotos/Isabel/2025-06-03 163224(1).jpg
1670179	2023-03-24 181033.heic	/srv/storage/Fotos/Hycrete/2023-03-24 181033.heic
1670499	2025-12-26 082805.heic	/srv/storage/Fotos/Matisse/2025-12-26 082805.heic
167176	2025-06-11 132003.jpg	/srv/storage/Fotos/Booz/2025-06-11 132003.jpg
167359	2025-03-15 160439.jpg	/srv/storage/Fotos/Oldies/2025-03-15 160439.jpg
16756147	2025-08-16 151750.mov	/srv/storage/Fotos/Food/2025-08-16 151750.mov
1677990	2026-01-07 111638.heic	/srv/storage/Fotos/Matisse/2026-01-07 111638.heic
1678014	2025-06-09 215240.heic	/srv/storage/Fotos/Isabel Envios/2025-06-09 215240.heic
16793267	2025-05-13 184129.mov	/srv/storage/Fotos/Familia/2025-05-13 184129.mov
1679932	2025-04-11 150318.heic	/srv/storage/Fotos/Isabel Envios/2025-04-11 150318.heic
1681510	2026-02-03 113948.heic	/srv/storage/Fotos/Matisse/2026-02-03 113948.heic
1682051	2023-01-14 164954.heic	/srv/storage/Fotos/Robinson/20230114 GS Mall/2023-01-14 164954.heic
1684283	2024-03-08 111001.heic	/srv/storage/Fotos/Food/2024-03-08 111001.heic
1685624	2025-06-09 212135.heic	/srv/storage/Fotos/Isabel Envios/2025-06-09 212135.heic
1686090	2025-09-24 165253.heic	/srv/storage/Fotos/Chocolate/2025-09-24 165253.heic
168682	2025-07-20 233650.jpg	/srv/storage/Fotos/paola/2025-07-20 233650.jpg
16898213	2025-05-12 111347.mov	/srv/storage/Fotos/Gorda/2025-05-12 111347.mov
1694920	2025-04-22 181555.jpg	/srv/storage/Fotos/Docs/2025-04-22 181555.jpg
1695580	2023-01-14 170832.heic	/srv/storage/Fotos/Robinson/20230114 GS Mall/2023-01-14 170832.heic
1695595	2025-04-11 150359.heic	/srv/storage/Fotos/Isabel Envios/2025-04-11 150359.heic
1696805	2023-04-03 103816.heic	/srv/storage/Fotos/Hycrete/2023-04-03 103816.heic
169753	2025-08-11 170014.jpg	/srv/storage/Fotos/Yuli/2025-08-11 170014.jpg
1698239	2023-01-14 170813(1).heic	/srv/storage/Fotos/Robinson/20230114 GS Mall/2023-01-14 170813(1).heic
1699357	2025-04-11 150257.heic	/srv/storage/Fotos/Isabel Envios/2025-04-11 150257.heic
1703640	2026-02-24 114419.png	/srv/storage/Fotos/paola/2026-02-24 114419.png
1711112	2024-05-31 221152.heic	/srv/storage/Fotos/Docs/2024-05-31 221152.heic
1711279	2026-01-07 121826.heic	/srv/storage/Fotos/Matisse/2026-01-07 121826.heic
1711428	2024-04-10 105914.heic	/srv/storage/Fotos/Hycrete/2024-04-10 105914.heic
171242	2025-12-31 211752.jpg	/srv/storage/Fotos/Wilma/2025-12-31 211752.jpg
1712985	2025-06-29 164011.heic	/srv/storage/Fotos/Food/2025-06-29 164011.heic
1713797	2025-07-24 203644.heic	/srv/storage/Fotos/Familia/2025-07-24 203644.heic
1715086	2026-01-09 135835.heic	/srv/storage/Fotos/Matisse/2026-01-09 135835.heic
1715396	2025-12-30 095857.heic	/srv/storage/Fotos/Matisse/2025-12-30 095857.heic
1719554	2026-01-07 121822.heic	/srv/storage/Fotos/Matisse/2026-01-07 121822.heic
1721228	2025-08-06 120209.heic	/srv/storage/Fotos/Orfa Work Time/2025-08-06 120209.heic
172127	why are pumpkins associated with halloween_.jpg	/srv/storage/Fotos/Ilustraciones/Why Are Pumpkins Associated with Halloween_.jpg
1726038	2023-01-14 164949.heic	/srv/storage/Fotos/Robinson/20230114 GS Mall/2023-01-14 164949.heic
1726347	2025-03-29 115850.heic	/srv/storage/Fotos/Misc/2025-03-29 115850.heic
1728966	2026-01-09 135832.heic	/srv/storage/Fotos/Matisse/2026-01-09 135832.heic
1731967	2025-05-13 191528.heic	/srv/storage/Fotos/Familia/2025-05-13 191528.heic
1733279	2025-05-13 191538.heic	/srv/storage/Fotos/Familia/2025-05-13 191538.heic
1734344	2025-05-10 184741.png	/srv/storage/Fotos/paola/2025-05-10 184741.png
1734990	2025-11-08 115959.heic	/srv/storage/Fotos/Cosmeticos/2025-11-08 115959.heic
1737562	2024-11-24 160002.heic	/srv/storage/Fotos/Food/241122 Lomo de Cerdo Horno/2024-11-24 160002.heic
1738726	2025-08-08 132010.heic	/srv/storage/Fotos/Orfa Work Time/2025-08-08 132010.heic
1740610	2025-12-24 082555.heic	/srv/storage/Fotos/Food/2025-12-24 082555.heic
1741029	2024-11-24 154620.heic	/srv/storage/Fotos/Food/241122 Lomo de Cerdo Horno/2024-11-24 154620.heic
17424819	2025-10-23 132408.mov	/srv/storage/Fotos/Isabel/2025-10-23 132408.mov
1743089	2025-11-03 100112.heic	/srv/storage/Fotos/Matisse/2025-11-03 100112.heic
174460	kcewmial.jpg	/srv/storage/Fotos/Ilustraciones/KCEwmiAL.jpg
1749890	2025-04-19 212206.heic	/srv/storage/Fotos/Food/2025-04-19 212206.heic
175092	2025-12-30 211512.jpg	/srv/storage/Fotos/Booz/2025-12-30 211512.jpg
175158	2025-06-15 202048.jpg	/srv/storage/Fotos/Isabel/2025-06-15 202048.jpg
1753177	2025-04-22 175803.heic	/srv/storage/Fotos/Isabel Envios/2025-04-22 175803.heic
1759177	2025-04-04 100200.heic	/srv/storage/Fotos/Orfa Work Time/2025-04-04 100200.heic
176501	2025-06-14 195523.jpg	/srv/storage/Fotos/Lola/2025-06-14 195523.jpg
1766236	2023-04-03 103813.heic	/srv/storage/Fotos/Hycrete/2023-04-03 103813.heic
1767088	2025-12-24 091538.heic	/srv/storage/Fotos/Food/2025-12-24 091538.heic
1769000	2023-03-30 113453.heic	/srv/storage/Fotos/Hycrete/2023-03-30 113453.heic
1770177	2025-07-10 181708.heic	/srv/storage/Fotos/Food/2025-07-10 181708.heic
1770279	2025-08-07 134750.heic	/srv/storage/Fotos/Chocolate/2025-08-07 134750.heic
1772229	2025-07-14 085753.heic	/srv/storage/Fotos/Orfa Work Time/2025-07-14 085753.heic
177469	2025-08-11 170017.jpg	/srv/storage/Fotos/Yuli/2025-08-11 170017.jpg
1774768	2025-12-05 182745.heic	/srv/storage/Fotos/Rosario/2025-12-05 182745.heic
177600	464313210_27955905340663484_499191305924625155_n.jpg	/srv/storage/Fotos/Oldies/464313210_27955905340663484_499191305924625155_n.jpg
1780093	2025-07-25 164627.heic	/srv/storage/Fotos/Familia/2025-07-25 164627.heic
1780839	2025-06-08 125046.png	/srv/storage/Fotos/Gorda/2025-06-08 125046.png
1784998	2025-07-31 134243.heic	/srv/storage/Fotos/Orfa Work Time/2025-07-31 134243.heic
178742	2025-11-23 171309.jpg	/srv/storage/Fotos/Yuli/2025-11-23 171309.jpg
178945	2025-06-03 163224(2).jpg	/srv/storage/Fotos/Isabel/2025-06-03 163224(2).jpg
1790297	2025-08-08 110014.heic	/srv/storage/Fotos/Orfa Work Time/2025-08-08 110014.heic
179107	2025-06-17 185519.jpg	/srv/storage/Fotos/Isabel/2025-06-17 185519.jpg
1793630	2023-04-03 103807.heic	/srv/storage/Fotos/Hycrete/2023-04-03 103807.heic
1794243	2024-04-10 105920.heic	/srv/storage/Fotos/Hycrete/2024-04-10 105920.heic
1795120	2026-02-07 134745.heic	/srv/storage/Fotos/Familia/2026-02-07 134745.heic
179667	2025-12-13 102516.jpg	/srv/storage/Fotos/Isabel/2025-12-13 102516.jpg
1797211	2025-12-26 100038.heic	/srv/storage/Fotos/Orfa Work Time/2025-12-26 100038.heic
1797756	2023-02-27 150443.heic	/srv/storage/Fotos/Hycrete/2023-02-27 150443.heic
179785	2026-01-06 131528.jpg	/srv/storage/Fotos/Isabel/2026-01-06 131528.jpg
1798458	2025-06-07 220000.heic	/srv/storage/Fotos/Isabel Envios/2025-06-07 220000.heic
179883	2025-12-24 213200.jpg	/srv/storage/Fotos/Yuli/2025-12-24 213200.jpg
1799684	2025-12-24 093022.heic	/srv/storage/Fotos/Docs/2025-12-24 093022.heic
1800067	2025-11-08 224852.heic	/srv/storage/Fotos/Docs/2025-11-08 224852.heic
1800265	2023-04-12 144218.heic	/srv/storage/Fotos/Hycrete/2023-04-12 144218.heic
18008041	2024-09-02 001843.mov	/srv/storage/Fotos/Familia/Omer/2024-09-02 001843.mov
1801434	2025-11-11 164638.heic	/srv/storage/Fotos/Matisse/2025-11-11 164638.heic
1801479	2025-08-19 105737.heic	/srv/storage/Fotos/Orfa Work Time/2025-08-19 105737.heic
1801822	2025-11-20 125911.heic	/srv/storage/Fotos/Chocolate/2025-11-20 125911.heic
1804370	2026-01-09 135829.heic	/srv/storage/Fotos/Matisse/2026-01-09 135829.heic
180598	img_1440.jpg	/srv/storage/Fotos/Familia/IMG_1440.JPG
1809240	2025-09-04 071954.heic	/srv/storage/Fotos/Food/2025-09-04 071954.heic
1810598	2023-03-20 103642.heic	/srv/storage/Fotos/Hycrete/2023-03-20 103642.heic
1811089	2023-04-17 112815.heic	/srv/storage/Fotos/Hycrete/2023-04-17 112815.heic
1812222	2025-12-24 085611.heic	/srv/storage/Fotos/Food/2025-12-24 085611.heic
181340	2025-12-30 211706.jpg	/srv/storage/Fotos/Booz/2025-12-30 211706.jpg
1815207	2023-01-14 170820.heic	/srv/storage/Fotos/Robinson/20230114 GS Mall/2023-01-14 170820.heic
1816677	2023-03-20 103709.heic	/srv/storage/Fotos/Hycrete/2023-03-20 103709.heic
1820303	2025-06-09 214924.heic	/srv/storage/Fotos/Isabel Envios/2025-06-09 214924.heic
182303	2025-06-25 194838.jpg	/srv/storage/Fotos/Isabel Envios/2025-06-25 194838.jpg
1823413	2023-03-20 104130.heic	/srv/storage/Fotos/Hycrete/2023-03-20 104130.heic
1823617	2025-12-31 085520.heic	/srv/storage/Fotos/Matisse/2025-12-31 085520.heic
18266830	shasta 250127.mp4	/srv/storage/Fotos/Hycrete/Shasta 250127.mp4
1829976	2025-12-24 082832.heic	/srv/storage/Fotos/Food/2025-12-24 082832.heic
183097	2025-06-15 140318.jpg	/srv/storage/Fotos/Isabel/2025-06-15 140318.jpg
183224	crazy cartoon frog png clipart with exaggerated eyes & tongue,hand-drawn style digital download,funny frog illustration for kids,unique gift.jpg	/srv/storage/Fotos/Ilustraciones/Crazy Cartoon Frog PNG Clipart with Exaggerated Eyes & Tongue,Hand-Drawn Style Digital Download,Funny Frog Illustration for Kids,Unique Gift.jpg
1833272	2025-08-23 115145.heic	/srv/storage/Fotos/Medical/2025-08-23 115145.heic
1833959	2025-11-14 174452.heic	/srv/storage/Fotos/Docs/2025-11-14 174452.heic
1834014	2025-06-07 213616.heic	/srv/storage/Fotos/Isabel Envios/2025-06-07 213616.heic
1835934	2025-12-24 090559.heic	/srv/storage/Fotos/Food/2025-12-24 090559.heic
183624	2026-01-01 121630.jpg	/srv/storage/Fotos/Isabel/2026-01-01 121630.jpg
1836351	2024-03-11 091415.heic	/srv/storage/Fotos/Hycrete/2024-03-11 091415.heic
183896	2025-06-21 125810.jpg	/srv/storage/Fotos/Lola/2025-06-21 125810.jpg
1848207	2025-12-24 082823.heic	/srv/storage/Fotos/Food/2025-12-24 082823.heic
18485619	2026-01-22 102647.mov	/srv/storage/Fotos/Booz/2026-01-22 102647.mov
1853788	2023-01-14 170813.heic	/srv/storage/Fotos/Robinson/20230114 GS Mall/2023-01-14 170813.heic
1857731	2026-01-31 151155.heic	/srv/storage/Fotos/Medical/2026-01-31 151155.heic
1859803	2023-04-03 104852.heic	/srv/storage/Fotos/Hycrete/2023-04-03 104852.heic
1862681	2025-12-24 124604.heic	/srv/storage/Fotos/Food/2025-12-24 124604.heic
1862839	2025-05-29 152721.heic	/srv/storage/Fotos/Chocolate/2025-05-29 152721.heic
186423	2025-11-07 095253.jpg	/srv/storage/Fotos/Docs/2025-11-07 095253.jpg
1864456	2024-05-18 104312.heic	/srv/storage/Fotos/Food/2024-05-18 104312.heic
186819	2025-08-16 102343.jpg	/srv/storage/Fotos/Misc/2025-08-16 102343.jpg
1868423	2025-09-19 080613.heic	/srv/storage/Fotos/Food/2025-09-19 080613.heic
1868443	2025-03-31 210006.heic	/srv/storage/Fotos/Docs/2025-03-31 210006.heic
1869831	2024-04-10 105908.heic	/srv/storage/Fotos/Hycrete/2024-04-10 105908.heic
1870395	2025-12-26 082739.heic	/srv/storage/Fotos/Matisse/2025-12-26 082739.heic
1874496	2025-08-20 110117.heic	/srv/storage/Fotos/Orfa Work Time/2025-08-20 110117.heic
1874923	2024-03-11 091404.heic	/srv/storage/Fotos/Hycrete/2024-03-11 091404.heic
187680	2025-08-11 170028.jpg	/srv/storage/Fotos/Yuli/2025-08-11 170028.jpg
187710	2025-11-11 212850.jpg	/srv/storage/Fotos/Robinson/2025-11-11 212850.jpg
1877557	2025-08-23 115139.heic	/srv/storage/Fotos/Medical/2025-08-23 115139.heic
1878630	2025-05-10 193952.png	/srv/storage/Fotos/paola/2025-05-10 193952.png
188316	#notanartman #aiart #art #ai #digitalartist….jpg	/srv/storage/Fotos/Ilustraciones/#notanartman #aiart #art #ai #digitalartist….jpg
1883446	2025-04-23 195828.heic	/srv/storage/Fotos/Familia/2025-04-23 195828.heic
1884256	2025-12-05 182746.heic	/srv/storage/Fotos/Rosario/2025-12-05 182746.heic
188516	2025-07-11 151427.jpg	/srv/storage/Fotos/Gorda/2025-07-11 151427.jpg
188519	2025-12-30 152154.jpg	/srv/storage/Fotos/Bolo/2025-12-30 152154.jpg
18860714	2025-10-08 200741.mov	/srv/storage/Fotos/Isabel/2025-10-08 200741.mov
1886579	2025-11-12 144501.heic	/srv/storage/Fotos/Matisse/2025-11-12 144501.heic
1889850	2025-11-20 154851.heic	/srv/storage/Fotos/Chocolate/2025-11-20 154851.heic
1890708	2025-12-11 090537.heic	/srv/storage/Fotos/Orfa Work Time/2025-12-11 090537.heic
1895693	2025-07-13 194740.jpeg	/srv/storage/Fotos/Familia/Omer/2025-07-13 194740.jpeg
18964	2026-01-10 191931.jpg	/srv/storage/Fotos/Docs/2026-01-10 191931.jpg
1896556	2026-03-07 135631.heic	/srv/storage/Fotos/Docs/2026-03-07 135631.heic
189826	2025-08-11 170016.jpg	/srv/storage/Fotos/Yuli/2025-08-11 170016.jpg
1899459	2025-09-29 095730.heic	/srv/storage/Fotos/Orfa Work Time/2025-09-29 095730.heic
189991	2025-09-25 184040.jpg	/srv/storage/Fotos/paola/2025-09-25 184040.jpg
1900003	2025-12-24 093037.heic	/srv/storage/Fotos/Docs/2025-12-24 093037.heic
1901519	2025-12-24 093008.heic	/srv/storage/Fotos/Docs/2025-12-24 093008.heic
1903460	2025-09-11 113836.heic	/srv/storage/Fotos/Docs/2025-09-11 113836.heic
1903905	2025-12-24 082559.heic	/srv/storage/Fotos/Food/2025-12-24 082559.heic
190524	2025-06-03 214040.jpg	/srv/storage/Fotos/Misc/2025-06-03 214040.jpg
190524	img_0491.jpg	/srv/storage/Fotos/Misc/IMG_0491.JPG
1905315	2025-11-11 164657.heic	/srv/storage/Fotos/Matisse/2025-11-11 164657.heic
1905903	2025-12-24 082334.heic	/srv/storage/Fotos/Food/2025-12-24 082334.heic
19096792	2025-05-13 204118.mov	/srv/storage/Fotos/Familia/2025-05-13 204118.mov
191022	2025-08-11 165614.jpg	/srv/storage/Fotos/Yuli/2025-08-11 165614.jpg
1914183	2023-04-12 144209.heic	/srv/storage/Fotos/Hycrete/2023-04-12 144209.heic
1915675	2024-03-11 092103.heic	/srv/storage/Fotos/Hycrete/2024-03-11 092103.heic
1918040	2023-04-03 104854.heic	/srv/storage/Fotos/Hycrete/2023-04-03 104854.heic
1918321	2023-03-20 103629.heic	/srv/storage/Fotos/Hycrete/2023-03-20 103629.heic
19262840	2025-05-12 111320.mov	/srv/storage/Fotos/Gorda/2025-05-12 111320.mov
1926544	2023-03-30 135429.heic	/srv/storage/Fotos/Hycrete/2023-03-30 135429.heic
192669	2025-09-26 121733.jpg	/srv/storage/Fotos/Bolo/2025-09-26 121733.jpg
1931240	2025-09-18 103040.heic	/srv/storage/Fotos/Docs/2025-09-18 103040.heic
1932418	2026-01-07 101340.heic	/srv/storage/Fotos/Orfa Work Time/2026-01-07 101340.heic
193347	2025-09-08 165710(1).jpg	/srv/storage/Fotos/Isabel Envios/2025-09-08 165710(1).jpg
193524	2025-10-05 211845.jpg	/srv/storage/Fotos/Lola/2025-10-05 211845.jpg
193775	2025-12-07 233359.jpg	/srv/storage/Fotos/paola/2025-12-07 233359.jpg
194463	2025-12-21 232038.jpg	/srv/storage/Fotos/paola/2025-12-21 232038.jpg
1947501	2025-08-20 183353.png	/srv/storage/Fotos/ChatGpt/2025-08-20 183353.png
194866	2026-01-17 234758.jpg	/srv/storage/Fotos/paola/2026-01-17 234758.jpg
1949164	2023-01-04 191125.heic	/srv/storage/Fotos/Robinson/2023-01-04 191125.heic
1951376	2026-01-07 111624.heic	/srv/storage/Fotos/Matisse/2026-01-07 111624.heic
195505443	2025-12-14 153633.mov	/srv/storage/Fotos/Familia/2025-12-14 153633.mov
195582	2026-02-02 093932.jpg	/srv/storage/Fotos/paola/2026-02-02 093932.jpg
195768	2025-06-05 212135.jpg	/srv/storage/Fotos/Isabel/2025-06-05 212135.jpg
19614438	2025-05-13 191013.mov	/srv/storage/Fotos/Familia/2025-05-13 191013.mov
1964911	2024-05-31 221013.heic	/srv/storage/Fotos/Docs/2024-05-31 221013.heic
196731	2026-01-15 130301.jpg	/srv/storage/Fotos/Cabello/2026-01-15 130301.jpg
1967583	2025-11-30 150243.mov	/srv/storage/Fotos/Isabel/2025-11-30 150243.mov
196841	2025-12-31 073135.jpg	/srv/storage/Fotos/paola/2025-12-31 073135.jpg
1973988	2025-11-11 164646.heic	/srv/storage/Fotos/Matisse/2025-11-11 164646.heic
197407	2025-12-26 191254.jpg	/srv/storage/Fotos/Docs/2025-12-26 191254.jpg
198390	2026-01-06 094245.jpg	/srv/storage/Fotos/Robinson/2026-01-06 094245.jpg
198432	2025-09-06 115631.jpg	/srv/storage/Fotos/Isabel Envios/2025-09-06 115631.jpg
1984831	2026-01-31 103138.heic	/srv/storage/Fotos/Docs/2026-01-31 103138.heic
198927	2025-09-06 123759.jpg	/srv/storage/Fotos/paola/2025-09-06 123759.jpg
1989876	2025-12-20 170453.heic	/srv/storage/Fotos/Orfa Work Time/2025-12-20 170453.heic
198990	2025-10-05 211833.jpg	/srv/storage/Fotos/Lola/2025-10-05 211833.jpg
199087	2025-10-10 080247.jpg	/srv/storage/Fotos/Gorda/2025-10-10 080247.jpg
199635	2025-06-20 190608.heic	/srv/storage/Fotos/Familia/2025-06-20 190608.heic
1997105	2024-04-10 111406.heic	/srv/storage/Fotos/Hycrete/2024-04-10 111406.heic
1998546	2024-03-20 154837.heic	/srv/storage/Fotos/Hycrete/2024-03-20 154837.heic
2003960	2025-10-09 101337.heic	/srv/storage/Fotos/Docs/2025-10-09 101337.heic
2010363	2026-01-31 151203.heic	/srv/storage/Fotos/Medical/2026-01-31 151203.heic
201300	2025-09-26 122643.jpg	/srv/storage/Fotos/Bolo/2025-09-26 122643.jpg
201472	2025-05-18 180646.jpg	/srv/storage/Fotos/Familia/2025-05-18 180646.jpg
2015274	2025-04-30 173341.heic	/srv/storage/Fotos/Isabel Envios/2025-04-30 173341.heic
2015421	2025-12-04 093525.heic	/srv/storage/Fotos/Docs/2025-12-04 093525.heic
2016536	2023-03-30 113443.heic	/srv/storage/Fotos/Hycrete/2023-03-30 113443.heic
2017940	2025-11-06 103226.heic	/srv/storage/Fotos/Docs/2025-11-06 103226.heic
2018309	2023-04-03 103805.heic	/srv/storage/Fotos/Hycrete/2023-04-03 103805.heic
202193	2025-09-07 143805.jpg	/srv/storage/Fotos/Yuli/2025-09-07 143805.jpg
202513	2025-08-11 170020.jpg	/srv/storage/Fotos/Yuli/2025-08-11 170020.jpg
2029114	2023-03-30 135437.heic	/srv/storage/Fotos/Hycrete/2023-03-30 135437.heic
202955	2025-05-18 180235.jpg	/srv/storage/Fotos/Familia/2025-05-18 180235.jpg
203003	2025-08-11 170008.jpg	/srv/storage/Fotos/Yuli/2025-08-11 170008.jpg
203007	2026-01-06 131514.jpg	/srv/storage/Fotos/Isabel/2026-01-06 131514.jpg
203271	2026-01-01 134516.jpg	/srv/storage/Fotos/Isabel/2026-01-01 134516.jpg
203364	2025-09-14 125459.jpg	/srv/storage/Fotos/paola/2025-09-14 125459.jpg
203405492	2025-12-31 213337.mov	/srv/storage/Fotos/Familia/2025-12-31 213337.mov
2035535	2021-09-11 101755.heic	/srv/storage/Fotos/Food/2021-09-11 101755.heic
203556	2025-08-11 170058.jpg	/srv/storage/Fotos/Yuli/2025-08-11 170058.jpg
2036348	2025-07-09 204408.png	/srv/storage/Fotos/Yuli/2025-07-09 204408.png
2037415	2025-03-22 131444.heic	/srv/storage/Fotos/Isabel/2025-03-22 131444.heic
2042951	2025-06-09 213200.heic	/srv/storage/Fotos/Isabel Envios/2025-06-09 213200.heic
2044854	2025-12-24 082339.heic	/srv/storage/Fotos/Food/2025-12-24 082339.heic
2048358	2023-03-30 113512.heic	/srv/storage/Fotos/Hycrete/2023-03-30 113512.heic
205137	2025-07-03 232734.jpg	/srv/storage/Fotos/Yuli/2025-07-03 232734.jpg
2052113	2024-05-11 112003.heic	/srv/storage/Fotos/Food/2024-05-11 112003.heic
205687	2026-02-08 204839.jpg	/srv/storage/Fotos/Yuli/2026-02-08 204839.jpg
206350	2025-06-24 114210.jpg	/srv/storage/Fotos/Edgar/2025-06-24 114210.jpg
206668	2025-07-21 193007.jpg	/srv/storage/Fotos/Asir/2025-07-21 193007.jpg
2067571	2025-11-06 103220.heic	/srv/storage/Fotos/Docs/2025-11-06 103220.heic
2070563	2023-03-30 150305.heic	/srv/storage/Fotos/Hycrete/2023-03-30 150305.heic
207087	2025-04-21 215419.jpg	/srv/storage/Fotos/Isabel/2025-04-21 215419.jpg
207197	2025-08-15 222331.jpg	/srv/storage/Fotos/Medical/2025-08-15 222331.jpg
2080232	2023-04-03 103758.heic	/srv/storage/Fotos/Hycrete/2023-04-03 103758.heic
2082375	2025-06-29 164027.heic	/srv/storage/Fotos/Food/2025-06-29 164027.heic
2082380	2026-01-15 091016.heic	/srv/storage/Fotos/Docs/2026-01-15 091016.heic
208347	2025-09-18 134257.jpg	/srv/storage/Fotos/Lola/2025-09-18 134257.jpg
208840	2026-01-01 121622.jpg	/srv/storage/Fotos/Isabel/2026-01-01 121622.jpg
209154	2026-02-28 221053.jpg	/srv/storage/Fotos/Yuli/2026-02-28 221053.jpg
2095979	2025-05-04 115422.heic	/srv/storage/Fotos/Cabello/2025-05-04 115422.heic
2099550	2025-11-11 164651.heic	/srv/storage/Fotos/Matisse/2025-11-11 164651.heic
2101245	2023-04-12 144155.heic	/srv/storage/Fotos/Hycrete/2023-04-12 144155.heic
211498	2025-10-11 103051.jpg	/srv/storage/Fotos/Gorda/2025-10-11 103051.jpg
2116005	2025-11-11 145029.heic	/srv/storage/Fotos/Matisse/2025-11-11 145029.heic
211725	2025-03-24 220213.jpg	/srv/storage/Fotos/Edgar/2025-03-24 220213.jpg
2126054	2025-06-07 193007.heic	/srv/storage/Fotos/Isabel Envios/2025-06-07 193007.heic
2129671	2023-03-20 103634.heic	/srv/storage/Fotos/Hycrete/2023-03-20 103634.heic
213040	2026-02-03 194759(1).jpg	/srv/storage/Fotos/Wilma/2026-02-03 194759(1).jpg
2134878	2025-10-26 170103.mov	/srv/storage/Fotos/Isabel/2025-10-26 170103.mov
213540	2025-10-11 103045.jpg	/srv/storage/Fotos/Gorda/2025-10-11 103045.jpg
213671	2025-11-12 162152(2).jpg	/srv/storage/Fotos/Matisse/2025-11-12 162152(2).jpg
2144516	2023-04-03 104712.heic	/srv/storage/Fotos/Hycrete/2023-04-03 104712.heic
2145063	2023-03-23 075504.heic	/srv/storage/Fotos/Hycrete/2023-03-23 075504.heic
2150669	2025-05-30 143646.heic	/srv/storage/Fotos/Chocolate/2025-05-30 143646.heic
2155755	2026-01-02 103110.heic	/srv/storage/Fotos/Matisse/2026-01-02 103110.heic
215585514	2025-10-20 095815.mov	/srv/storage/Fotos/Matisse/2025-10-20 095815.mov
2157407	2025-08-20 182959.png	/srv/storage/Fotos/ChatGpt/2025-08-20 182959.png
2158341	2025-05-10 192113.png	/srv/storage/Fotos/paola/2025-05-10 192113.png
215843	2025-06-15 202025.jpg	/srv/storage/Fotos/Isabel/2025-06-15 202025.jpg
2160284	2023-03-20 103632.heic	/srv/storage/Fotos/Hycrete/2023-03-20 103632.heic
2161482	2026-01-29 160123.heic	/srv/storage/Fotos/Matisse/2026-01-29 160123.heic
2165754	2025-04-19 204630.heic	/srv/storage/Fotos/Food/2025-04-19 204630.heic
216688	2026-01-16 215335.jpg	/srv/storage/Fotos/paola/2026-01-16 215335.jpg
2167897	f02.jpg	/srv/storage/Fotos/Hycrete/f02.jpg
2168049	2024-05-11 103425.heic	/srv/storage/Fotos/Food/2024-05-11 103425.heic
218136	2025-10-11 231739.jpg	/srv/storage/Fotos/Gorda/2025-10-11 231739.jpg
218492	464431630_27955904270663591_2244972249323127828_n.jpg	/srv/storage/Fotos/Oldies/464431630_27955904270663591_2244972249323127828_n.jpg
218652	2025-09-28 165051.jpg	/srv/storage/Fotos/paola/2025-09-28 165051.jpg
218888	2025-06-03 163223(3).jpg	/srv/storage/Fotos/Isabel/2025-06-03 163223(3).jpg
2191355	2025-08-08 085159.heic	/srv/storage/Fotos/Hycrete/2025-08-08 085159.heic
220816370	2025-06-21 110748.mov	/srv/storage/Fotos/Food/2025-06-21 110748.mov
221891	2025-08-14 133414.jpg	/srv/storage/Fotos/paola/2025-08-14 133414.jpg
221925	2025-10-31 185221.jpg	/srv/storage/Fotos/paola/2025-10-31 185221.jpg
2219541	2024-03-11 091356.heic	/srv/storage/Fotos/Hycrete/2024-03-11 091356.heic
2222285	2025-05-31 165603.jpg	/srv/storage/Fotos/Docs/2025-05-31 165603.jpg
2227299	2023-05-17 135029.heic	/srv/storage/Fotos/Hycrete/2023-05-17 135029.heic
2227848	2024-03-11 092057.heic	/srv/storage/Fotos/Hycrete/2024-03-11 092057.heic
2229132	2025-09-04 204600.jpg	/srv/storage/Fotos/Familia/2025-09-04 204600.jpg
22313959	2026-02-07 122952.mov	/srv/storage/Fotos/Booz/2026-02-07 122952.mov
223356	2025-08-26 213131.jpg	/srv/storage/Fotos/Isabel/2025-08-26 213131.jpg
2235363	2025-12-16 082705.mov	/srv/storage/Fotos/Matisse/2025-12-16 082705.mov
223795	2025-07-25 133822.jpg	/srv/storage/Fotos/paola/2025-07-25 133822.jpg
223966	2025-07-24 185113.jpg	/srv/storage/Fotos/Wilma/2025-07-24 185113.jpg
224059	2025-06-03 163223(2).jpg	/srv/storage/Fotos/Isabel/2025-06-03 163223(2).jpg
224192	2025-07-23 054058.jpg	/srv/storage/Fotos/Yuli/2025-07-23 054058.jpg
224503	2026-01-10 161251.jpg	/srv/storage/Fotos/Gorda/2026-01-10 161251.jpg
2250270	chatgpt image may 12, 2026, 12_51_57 pm.png	/srv/storage/Fotos/ChatGpt/ChatGPT Image May 12, 2026, 12_51_57 PM.png
2252239	2023-01-14 152354.heic	/srv/storage/Fotos/Robinson/20230114 GS Mall/2023-01-14 152354.heic
225564554	2026-01-14 175031.mov	/srv/storage/Fotos/Food/2026-01-14 175031.mov
2255782	2023-05-19 160903.heic	/srv/storage/Fotos/Hycrete/2023-05-19 160903.heic
225609647	img_2053.mov	/srv/storage/Fotos/Food/IMG_2053.MOV
225716	2026-02-11 144131.jpg	/srv/storage/Fotos/paola/2026-02-11 144131.jpg
2257969	2025-06-01 235505.png	/srv/storage/Fotos/Isabel/2025-06-01 235505.png
2258562	2026-01-06 201040.jpg	/srv/storage/Fotos/Familia/2026-01-06 201040.jpg
2264235	2025-08-15 135337.png	/srv/storage/Fotos/paola/2025-08-15 135337.png
2265462	2025-08-07 060513.png	/srv/storage/Fotos/paola/2025-08-07 060513.png
22660845	2025-11-20 172855.mov	/srv/storage/Fotos/Misc/2025-11-20 172855.mov
2270778	2023-04-03 104704.heic	/srv/storage/Fotos/Hycrete/2023-04-03 104704.heic
227389	2025-08-11 170047.jpg	/srv/storage/Fotos/Yuli/2025-08-11 170047.jpg
227891	2025-12-31 211755.jpg	/srv/storage/Fotos/Wilma/2025-12-31 211755.jpg
228535	2025-12-19 135555.jpg	/srv/storage/Fotos/paola/2025-12-19 135555.jpg
22953101	2025-08-16 155823.mov	/srv/storage/Fotos/Food/2025-08-16 155823.mov
229662680	2026-01-13 153945.mov	/srv/storage/Fotos/Food/2026-01-13 153945.mov
229715	2025-12-31 211753.jpg	/srv/storage/Fotos/Wilma/2025-12-31 211753.jpg
229781	2025-08-27 143837.jpg	/srv/storage/Fotos/Gorda/2025-08-27 143837.jpg
230316	2025-08-27 181729.heic	/srv/storage/Fotos/Misc/2025-08-27 181729.heic
2303285	2024-03-11 091926.heic	/srv/storage/Fotos/Hycrete/2024-03-11 091926.heic
2305117	2025-04-20 173626.heic	/srv/storage/Fotos/Food/2025-04-20 173626.heic
2305340	2025-05-26 164945.jpg	/srv/storage/Fotos/Isabel/2025-05-26 164945.jpg
230583	2025-10-26 001047.jpg	/srv/storage/Fotos/Yuli/2025-10-26 001047.jpg
2309315	2025-07-25 133732.heic	/srv/storage/Fotos/Chocolate/2025-07-25 133732.heic
231145	2026-01-29 175208.jpg	/srv/storage/Fotos/Gorda/2026-01-29 175208.jpg
2324444	2025-06-22 135431.mov	/srv/storage/Fotos/Misc/2025-06-22 135431.mov
232488	2025-12-08 231705.jpg	/srv/storage/Fotos/Yuli/2025-12-08 231705.jpg
233814	2025-10-11 103033.jpg	/srv/storage/Fotos/Gorda/2025-10-11 103033.jpg
234004	2025-07-02 122000.jpg	/srv/storage/Fotos/Isabel/2025-07-02 122000.jpg
2343676	2025-06-04 170517.png	/srv/storage/Fotos/Florida/2025-06-04 170517.png
234904	2025-06-24 114121.jpg	/srv/storage/Fotos/Edgar/2025-06-24 114121.jpg
235143	2025-08-14 141811.jpg	/srv/storage/Fotos/Gorda/2025-08-14 141811.jpg
235441	2025-08-31 125658.jpg	/srv/storage/Fotos/Gorda/2025-08-31 125658.jpg
236139	2025-08-08 111732.jpg	/srv/storage/Fotos/Bolo/2025-08-08 111732.jpg
236610	2026-01-31 234255.jpg	/srv/storage/Fotos/paola/2026-01-31 234255.jpg
237073	2025-11-12 162152(3).jpg	/srv/storage/Fotos/Matisse/2025-11-12 162152(3).jpg
237758	2025-08-08 111731.jpg	/srv/storage/Fotos/Bolo/2025-08-08 111731.jpg
2377903	2024-04-10 111357.heic	/srv/storage/Fotos/Hycrete/2024-04-10 111357.heic
237895	2025-07-21 192954.jpg	/srv/storage/Fotos/Asir/2025-07-21 192954.jpg
2381214	2025-09-08 174234.jpg	/srv/storage/Fotos/Isabel Envios/2025-09-08 174234.jpg
238402	2025-10-11 103039.jpg	/srv/storage/Fotos/Gorda/2025-10-11 103039.jpg
2388870	2025-04-28 190452.jpg	/srv/storage/Fotos/Food/2025-04-28 190452.jpg
239518668	2023-08-19 195956.mov	/srv/storage/Fotos/Familia/Omer/2023-08-19 195956.mov
239869	2026-02-08 182716.jpg	/srv/storage/Fotos/paola/2026-02-08 182716.jpg
239891	2025-09-09 113940.jpg	/srv/storage/Fotos/Isabel/2025-09-09 113940.jpg
2403433	2025-04-14 093412.heic	/srv/storage/Fotos/Misc/2025-04-14 093412.heic
240529	2025-07-11 164459.jpg	/srv/storage/Fotos/Isabel/2025-07-11 164459.jpg
2408577	2025-08-05 220705.png	/srv/storage/Fotos/ChatGpt/2025-08-05 220705.png
2409419	2025-11-23 134449.jpg	/srv/storage/Fotos/Docs/2025-11-23 134449.jpg
2409958	2026-01-09 135825.heic	/srv/storage/Fotos/Matisse/2026-01-09 135825.heic
241370	2026-01-01 134456.jpg	/srv/storage/Fotos/Isabel/2026-01-01 134456.jpg
2431052	2025-08-20 221105.png	/srv/storage/Fotos/ChatGpt/2025-08-20 221105.png
243471	464273503_27955906690663349_8116445726316113011_n.jpg	/srv/storage/Fotos/Oldies/464273503_27955906690663349_8116445726316113011_n.jpg
2441565	2025-06-07 212359.heic	/srv/storage/Fotos/Isabel Envios/2025-06-07 212359.heic
244199	2026-01-01 001953.jpg	/srv/storage/Fotos/Isabel/2026-01-01 001953.jpg
244220	2026-02-08 204751.jpg	/srv/storage/Fotos/Yuli/2026-02-08 204751.jpg
2446806	2025-06-06 160147.png	/srv/storage/Fotos/paola/2025-06-06 160147.png
246555	2025-08-11 170100.jpg	/srv/storage/Fotos/Yuli/2025-08-11 170100.jpg
247501778	2026-02-22 221556.mov	/srv/storage/Fotos/Familia/2026-02-22 221556.mov
248250163	2025-08-15 211948.mov	/srv/storage/Fotos/Food/2025-08-15 211948.mov
248362	2025-08-11 170022.jpg	/srv/storage/Fotos/Yuli/2025-08-11 170022.jpg
248641	2025-10-18 122948.jpg	/srv/storage/Fotos/paola/2025-10-18 122948.jpg
249305	2025-11-07 095101.jpg	/srv/storage/Fotos/Docs/2025-11-07 095101.jpg
249527	464291962_27955906683996683_6778690255196365372_n.jpg	/srv/storage/Fotos/Oldies/464291962_27955906683996683_6778690255196365372_n.jpg
2503972	2025-07-24 203237.png	/srv/storage/Fotos/Familia/2025-07-24 203237.png
250530	2025-09-18 134240.jpg	/srv/storage/Fotos/Lola/2025-09-18 134240.jpg
250625270	2026-01-13 155740.mov	/srv/storage/Fotos/Food/2026-01-13 155740.mov
251587	2025-11-07 095033.jpg	/srv/storage/Fotos/Docs/2025-11-07 095033.jpg
251682	2025-10-11 215417.jpg	/srv/storage/Fotos/Gorda/2025-10-11 215417.jpg
25213329	2026-02-22 195320.mov	/srv/storage/Fotos/Booz/2026-02-22 195320.mov
2525750	f04.jpg	/srv/storage/Fotos/Hycrete/f04.jpg
2527371	2025-07-13 200537.png	/srv/storage/Fotos/ChatGpt/2025-07-13 200537.png
253270618	2025-07-28 160904.mov	/srv/storage/Fotos/Carro/2025-07-28 160904.mov
253653	2025-06-24 114137.jpg	/srv/storage/Fotos/Edgar/2025-06-24 114137.jpg
2542487	2025-04-28 190204.jpg	/srv/storage/Fotos/Food/2025-04-28 190204.jpg
254946	2026-01-01 134502.jpg	/srv/storage/Fotos/Isabel/2026-01-01 134502.jpg
254978	2026-03-04 212525.jpg	/srv/storage/Fotos/Familia/2026-03-04 212525.jpg
255721	l8txtyn9.jpg	/srv/storage/Fotos/Ilustraciones/l8txTYN9.jpg
2557586	f03.jpg	/srv/storage/Fotos/Hycrete/f03.jpg
256105	2025-11-12 162152(1).jpg	/srv/storage/Fotos/Matisse/2025-11-12 162152(1).jpg
2561445	2025-09-24 100459.heic	/srv/storage/Fotos/Chocolate/2025-09-24 100459.heic
256324	2025-09-21 143543.jpg	/srv/storage/Fotos/Food/2025-09-21 143543.jpg
257118	jsiitgtr.jpg	/srv/storage/Fotos/Ilustraciones/JsiitGTR.jpg
258378	2025-09-18 055957.jpg	/srv/storage/Fotos/Lola/2025-09-18 055957.jpg
258538	2026-01-01 001946.jpg	/srv/storage/Fotos/Isabel/2026-01-01 001946.jpg
258634	2025-07-29 171419.jpg	/srv/storage/Fotos/paola/2025-07-29 171419.jpg
259273	464041825_10233847427745012_1359681225076871659_n.jpg	/srv/storage/Fotos/Familia/464041825_10233847427745012_1359681225076871659_n.jpg
260410	2025-08-04 071458.jpg	/srv/storage/Fotos/Robinson/2025-08-04 071458.jpg
260565	2025-10-26 001058.jpg	/srv/storage/Fotos/Yuli/2025-10-26 001058.jpg
260639	2026-01-15 130436.jpg	/srv/storage/Fotos/Cabello/2026-01-15 130436.jpg
260659	2025-07-01 060053.jpg	/srv/storage/Fotos/Robinson/2025-07-01 060053.jpg
261537	2026-02-16 085559.jpg	/srv/storage/Fotos/paola/2026-02-16 085559.jpg
2617243	2025-05-31 152249.png	/srv/storage/Fotos/paola/2025-05-31 152249.png
262514	2025-11-02 203043.png	/srv/storage/Fotos/Docs/2025-11-02 203043.png
263426	2025-08-11 165651.jpg	/srv/storage/Fotos/Yuli/2025-08-11 165651.jpg
2637213	ss3.jpg	/srv/storage/Fotos/Hycrete/ss3.jpg
263724	2025-03-15 233533.jpg	/srv/storage/Fotos/Yuli/2025-03-15 233533.jpg
263891	2025-09-28 210734.jpg	/srv/storage/Fotos/Edgar/2025-09-28 210734.jpg
264521	2026-02-22 131746.jpg	/srv/storage/Fotos/paola/2026-02-22 131746.jpg
264647	2025-08-31 205714.jpg	/srv/storage/Fotos/Joseito/2025-08-31 205714.jpg
2646722	2026-01-12 140703.heic	/srv/storage/Fotos/Food/2026-01-12 140703.heic
264940	2025-10-11 215407.jpg	/srv/storage/Fotos/Gorda/2025-10-11 215407.jpg
265047	2025-09-24 193109.jpg	/srv/storage/Fotos/Robinson/2025-09-24 193109.jpg
265234	2025-08-10 155217.jpg	/srv/storage/Fotos/Yuli/2025-08-10 155217.jpg
2654459	2025-09-19 140921.png	/srv/storage/Fotos/paola/2025-09-19 140921.png
2657328	2025-08-16 124804.png	/srv/storage/Fotos/paola/2025-08-16 124804.png
265849	2025-06-15 202134.jpg	/srv/storage/Fotos/Isabel/2025-06-15 202134.jpg
2662182	2025-06-21 150445.png	/srv/storage/Fotos/paola/2025-06-21 150445.png
2667976	2025-08-07 060454.png	/srv/storage/Fotos/paola/2025-08-07 060454.png
266995	2026-01-02 074041.jpg	/srv/storage/Fotos/Isabel/2026-01-02 074041.jpg
267348	2025-11-24 183548.jpg	/srv/storage/Fotos/Mona/2025-11-24 183548.jpg
267706	2025-04-07 204434.jpg	/srv/storage/Fotos/Devora/2025-04-07 204434.jpg
267891	2025-08-24 113047.jpg	/srv/storage/Fotos/paola/2025-08-24 113047.jpg
268130	2025-08-08 111731(1).jpg	/srv/storage/Fotos/Bolo/2025-08-08 111731(1).jpg
268150	2026-02-12 144209.jpg	/srv/storage/Fotos/paola/2026-02-12 144209.jpg
268941	2025-09-28 210812.jpg	/srv/storage/Fotos/Edgar/2025-09-28 210812.jpg
269305	2025-11-05 161133.jpg	/srv/storage/Fotos/paola/2025-11-05 161133.jpg
269400	2025-08-31 125657.jpg	/srv/storage/Fotos/Gorda/2025-08-31 125657.jpg
2698598	2026-01-06 201221.jpg	/srv/storage/Fotos/Familia/2026-01-06 201221.jpg
270489	2025-07-24 145826.jpg	/srv/storage/Fotos/paola/2025-07-24 145826.jpg
2705287	2026-01-06 201221.jpeg	/srv/storage/Fotos/Familia/Omer/2026-01-06 201221.jpeg
271005	2025-10-01 175407.jpg	/srv/storage/Fotos/paola/2025-10-01 175407.jpg
2722072	2025-06-03 204943.heic	/srv/storage/Fotos/Mona/2025-06-03 204943.heic
272447	2025-12-07 233340.jpg	/srv/storage/Fotos/Robinson/2025-12-07 233340.jpg
272517	2025-07-16 165638.jpg	/srv/storage/Fotos/paola/2025-07-16 165638.jpg
272579	2025-09-07 143751.jpg	/srv/storage/Fotos/paola/2025-09-07 143751.jpg
272880	2025-06-30 223406.jpg	/srv/storage/Fotos/Florida/2025-06-30 223406.jpg
2729303	2023-04-19 084908.heic	/srv/storage/Fotos/Hycrete/2023-04-19 084908.heic
273096	2025-08-12 132729.jpg	/srv/storage/Fotos/paola/2025-08-12 132729.jpg
273822	2025-12-25 003335.jpg	/srv/storage/Fotos/Isabel/2025-12-25 003335.jpg
274288	2025-06-29 180142.jpg	/srv/storage/Fotos/Yuli/2025-06-29 180142.jpg
274398	2025-08-17 203251.jpg	/srv/storage/Fotos/paola/2025-08-17 203251.jpg
275091	2025-06-24 114152.jpg	/srv/storage/Fotos/Edgar/2025-06-24 114152.jpg
27511	2025-11-11 212837.jpg	/srv/storage/Fotos/Robinson/2025-11-11 212837.jpg
2751188	2026-01-30 220514.mov	/srv/storage/Fotos/Isabel/2026-01-30 220514.mov
27534924	2025-12-30 220607.mov	/srv/storage/Fotos/Booz/2025-12-30 220607.mov
2755351	2025-07-13 200547.png	/srv/storage/Fotos/ChatGpt/2025-07-13 200547.png
275616	2025-08-20 103247.jpg	/srv/storage/Fotos/Misc/2025-08-20 103247.jpg
275649	2025-08-09 111006.jpg	/srv/storage/Fotos/paola/2025-08-09 111006.jpg
2760887	2025-09-05 132108.heic	/srv/storage/Fotos/Familia/2025-09-05 132108.heic
2762845	2025-03-26 143718.png	/srv/storage/Fotos/Isabel/2025-03-26 143718.png
276421	2025-09-09 113940(1).jpg	/srv/storage/Fotos/Isabel/2025-09-09 113940(1).jpg
276514	2025-11-15 221842.jpg	/srv/storage/Fotos/Yuli/2025-11-15 221842.jpg
277738	2025-08-10 120433.jpg	/srv/storage/Fotos/Yuli/2025-08-10 120433.jpg
2785485	2025-07-16 185144(1).png	/srv/storage/Fotos/ChatGpt/2025-07-16 185144(1).png
2785485	2025-07-16 185144.png	/srv/storage/Fotos/ChatGpt/2025-07-16 185144.png
279473	2025-09-07 143758.jpg	/srv/storage/Fotos/paola/2025-09-07 143758.jpg
2795698	2025-09-05 132104.heic	/srv/storage/Fotos/Familia/2025-09-05 132104.heic
280571	2025-12-13 102500.jpg	/srv/storage/Fotos/Robinson/2025-12-13 102500.jpg
280912	2025-11-15 221849.jpg	/srv/storage/Fotos/Yuli/2025-11-15 221849.jpg
282765	2026-02-10 072709.jpg	/srv/storage/Fotos/Robinson/2026-02-10 072709.jpg
2831951	2025-03-26 143520.png	/srv/storage/Fotos/Isabel/2025-03-26 143520.png
2835761	ss4.jpg	/srv/storage/Fotos/Hycrete/ss4.jpg
283670	2026-01-01 134509.jpg	/srv/storage/Fotos/Isabel/2026-01-01 134509.jpg
28406861	2025-08-16 162151.mov	/srv/storage/Fotos/Food/2025-08-16 162151.mov
2843740	2025-07-16 191024.png	/srv/storage/Fotos/ChatGpt/2025-07-16 191024.png
2843948	2025-10-15 180425.jpg	/srv/storage/Fotos/Docs/2025-10-15 180425.jpg
285285	2025-08-31 205657.jpg	/srv/storage/Fotos/Joseito/2025-08-31 205657.jpg
2864130	f01.jpg	/srv/storage/Fotos/Hycrete/f01.jpg
288203	2025-11-15 221855.jpg	/srv/storage/Fotos/Yuli/2025-11-15 221855.jpg
288366	2026-02-22 131738.jpg	/srv/storage/Fotos/paola/2026-02-22 131738.jpg
289245	2025-10-08 200740.jpg	/srv/storage/Fotos/Isabel/2025-10-08 200740.jpg
289279028	2023-09-22 231420.mov	/srv/storage/Fotos/Familia/Omer/2023-09-22 231420.mov
289367	2026-02-03 194759.jpg	/srv/storage/Fotos/Wilma/2026-02-03 194759.jpg
28962558	2025-05-13 184106.mov	/srv/storage/Fotos/Familia/2025-05-13 184106.mov
289788490	2026-01-13 182517.mov	/srv/storage/Fotos/Food/2026-01-13 182517.mov
289801	2026-03-06 140809.jpg	/srv/storage/Fotos/paola/2026-03-06 140809.jpg
290281	2025-09-08 163723.jpg	/srv/storage/Fotos/Isabel Envios/2025-09-08 163723.jpg
290324	2025-11-12 162152.jpg	/srv/storage/Fotos/Matisse/2025-11-12 162152.jpg
290479	2025-11-08 122811.jpg	/srv/storage/Fotos/paola/2025-11-08 122811.jpg
290585	2025-11-29 150011.jpg	/srv/storage/Fotos/paola/2025-11-29 150011.jpg
290691	2025-08-08 111732(3).jpg	/srv/storage/Fotos/Bolo/2025-08-08 111732(3).jpg
290728	2025-10-05 211926.jpg	/srv/storage/Fotos/Lola/2025-10-05 211926.jpg
290751	2025-10-28 173153.jpg	/srv/storage/Fotos/paola/2025-10-28 173153.jpg
2909079	2025-09-10 172142.png	/srv/storage/Fotos/paola/2025-09-10 172142.png
2909419	2025-04-14 093503.heic	/srv/storage/Fotos/Misc/2025-04-14 093503.heic
291176	2025-06-14 144405.jpg	/srv/storage/Fotos/paola/2025-06-14 144405.jpg
2915161	2025-06-03 190141.png	/srv/storage/Fotos/paola/2025-06-03 190141.png
291609	2025-10-11 215347.jpg	/srv/storage/Fotos/Gorda/2025-10-11 215347.jpg
291836	2025-09-03 212117.jpg	/srv/storage/Fotos/Robinson/2025-09-03 212117.jpg
292155	2025-12-24 165901.jpg	/srv/storage/Fotos/paola/2025-12-24 165901.jpg
292803	2025-05-10 141450.jpg	/srv/storage/Fotos/Isabel Envios/2025-05-10 141450.jpg
292966	2025-06-15 140313.jpg	/srv/storage/Fotos/Isabel/2025-06-15 140313.jpg
2932497	2025-07-15 180325.jpg	/srv/storage/Fotos/Docs/2025-07-15 180325.jpg
293721	2026-02-04 100202.jpg	/srv/storage/Fotos/paola/2026-02-04 100202.jpg
29373042	2026-02-09 170805.mov	/srv/storage/Fotos/Familia/2026-02-09 170805.mov
2937402	2025-07-31 125646.png	/srv/storage/Fotos/paola/2025-07-31 125646.png
29403270	2025-12-12 190052.mov	/srv/storage/Fotos/Bolo/2025-12-12 190052.mov
294419	2025-08-08 111732(1).jpg	/srv/storage/Fotos/Bolo/2025-08-08 111732(1).jpg
2948470	2025-08-20 184931.png	/srv/storage/Fotos/ChatGpt/2025-08-20 184931.png
296470199	2026-01-25 110134.mov	/srv/storage/Fotos/Familia/2026-01-25 110134.mov
297419	2025-12-30 152200.jpg	/srv/storage/Fotos/Bolo/2025-12-30 152200.jpg
297669	2026-01-19 201453.jpg	/srv/storage/Fotos/paola/2026-01-19 201453.jpg
298111411	2026-01-13 173447.mov	/srv/storage/Fotos/Food/2026-01-13 173447.mov
298288	2025-10-31 185133.jpg	/srv/storage/Fotos/paola/2025-10-31 185133.jpg
298409	2025-07-06 203204.jpg	/srv/storage/Fotos/Robinson/2025-07-06 203204.jpg
298809	464346920_27955906707330014_7177674604071028668_n.jpg	/srv/storage/Fotos/Oldies/464346920_27955906707330014_7177674604071028668_n.jpg
299702	2025-10-13 150425.jpg	/srv/storage/Fotos/paola/2025-10-13 150425.jpg
299884	2025-12-23 191818.jpg	/srv/storage/Fotos/paola/2025-12-23 191818.jpg
300042	2025-07-14 125749.jpg	/srv/storage/Fotos/Mona/2025-07-14 125749.jpg
30037	2025-12-02 142043.jpg	/srv/storage/Fotos/Hycrete/2025-12-02 142043.jpg
301366	2025-05-14 122659.jpg	/srv/storage/Fotos/paola/2025-05-14 122659.jpg
30205	orfa 1980.jpg	/srv/storage/Fotos/Orfa/orfa 1980.jpg
3020770	2023-04-03 103755.heic	/srv/storage/Fotos/Hycrete/2023-04-03 103755.heic
3029884	2025-07-19 134653.heic	/srv/storage/Fotos/Familia/2025-07-19 134653.heic
3034880	2025-07-16 192307.png	/srv/storage/Fotos/ChatGpt/2025-07-16 192307.png
304215	2025-03-20 215116.jpg	/srv/storage/Fotos/paola/2025-03-20 215116.jpg
30469138	2025-05-18 160210.mov	/srv/storage/Fotos/Familia/2025-05-18 160210.mov
305094	2025-08-31 205706.jpg	/srv/storage/Fotos/Joseito/2025-08-31 205706.jpg
305394	2026-02-02 203551.jpg	/srv/storage/Fotos/paola/2026-02-02 203551.jpg
3061311	2025-07-08 162541.heic	/srv/storage/Fotos/Familia/2025-07-08 162541.heic
307015	2025-08-21 222613.jpg	/srv/storage/Fotos/Robinson/2025-08-21 222613.jpg
307749	2025-06-03 163023(1).jpg	/srv/storage/Fotos/Isabel/2025-06-03 163023(1).jpg
3084769	2024-01-24 143155.heic	/srv/storage/Fotos/Docs/2024-01-24 143155.heic
3104897	2023-04-04 140133.heic	/srv/storage/Fotos/Hycrete/2023-04-04 140133.heic
311354	2025-11-24 183541.jpg	/srv/storage/Fotos/Mona/2025-11-24 183541.jpg
311803	2025-12-31 073024.jpg	/srv/storage/Fotos/paola/2025-12-31 073024.jpg
311913	2026-02-19 214017.jpg	/srv/storage/Fotos/Isabel/2026-02-19 214017.jpg
3123668	2025-06-06 214152.jpg	/srv/storage/Fotos/Isabel Envios/2025-06-06 214152.jpg
312451	2025-09-21 143444.jpg	/srv/storage/Fotos/Mona/2025-09-21 143444.jpg
312578	2025-09-13 184913.jpg	/srv/storage/Fotos/Edgar/2025-09-13 184913.jpg
312605	2025-06-13 231659.jpg	/srv/storage/Fotos/paola/2025-06-13 231659.jpg
3129347	2025-07-16 185541.png	/srv/storage/Fotos/ChatGpt/2025-07-16 185541.png
3135466	2025-07-16 184922.png	/srv/storage/Fotos/ChatGpt/2025-07-16 184922.png
313679	2025-07-12 130334.jpg	/srv/storage/Fotos/Bolo/2025-07-12 130334.jpg
3137222	2025-08-05 213507.png	/srv/storage/Fotos/ChatGpt/2025-08-05 213507.png
313743	2025-09-17 125640.jpg	/srv/storage/Fotos/paola/2025-09-17 125640.jpg
313749	2025-06-11 132004.jpg	/srv/storage/Fotos/Booz/2025-06-11 132004.jpg
314117	2025-09-28 190928.jpg	/srv/storage/Fotos/paola/2025-09-28 190928.jpg
3142094	2025-08-01 184431.png	/srv/storage/Fotos/ChatGpt/2025-08-01 184431.png
31472	2025-12-26 191921.jpg	/srv/storage/Fotos/Docs/2025-12-26 191921.jpg
314968	2025-08-08 111732(2).jpg	/srv/storage/Fotos/Bolo/2025-08-08 111732(2).jpg
315225	2026-01-28 145503.jpg	/srv/storage/Fotos/Bolo/2026-01-28 145503.jpg
315761	2025-10-23 224908.jpg	/srv/storage/Fotos/paola/2025-10-23 224908.jpg
3158528	2025-08-05 212914.png	/srv/storage/Fotos/ChatGpt/2025-08-05 212914.png
316513	2026-02-11 144138.jpg	/srv/storage/Fotos/paola/2026-02-11 144138.jpg
317986	2025-12-25 170726.jpg	/srv/storage/Fotos/Mona/2025-12-25 170726.jpg
318478	2025-07-22 121458.jpg	/srv/storage/Fotos/paola/2025-07-22 121458.jpg
320033	2026-01-15 130320.jpg	/srv/storage/Fotos/Cabello/2026-01-15 130320.jpg
320345	2026-02-28 190226.jpg	/srv/storage/Fotos/paola/2026-02-28 190226.jpg
320431	2025-09-07 143814.jpg	/srv/storage/Fotos/paola/2025-09-07 143814.jpg
321475	2025-12-28 124056.jpg	/srv/storage/Fotos/paola/2025-12-28 124056.jpg
322369	2026-03-04 141924.jpg	/srv/storage/Fotos/paola/2026-03-04 141924.jpg
322912	2026-02-10 072425.jpg	/srv/storage/Fotos/paola/2026-02-10 072425.jpg
32370	468086171_10160032431686372_7255557637012334776_n.jpg	/srv/storage/Fotos/Oldies/468086171_10160032431686372_7255557637012334776_n.jpg
323708	2025-12-16 181818.jpg	/srv/storage/Fotos/paola/2025-12-16 181818.jpg
324076	2025-06-03 163023.jpg	/srv/storage/Fotos/Isabel/2025-06-03 163023.jpg
3244524	2025-07-02 122004.mov	/srv/storage/Fotos/Isabel/2025-07-02 122004.mov
324466	img_1385.jpg	/srv/storage/Fotos/Docs/IMG_1385.JPG
324797	2026-02-07 151105.jpg	/srv/storage/Fotos/paola/2026-02-07 151105.jpg
324966	2025-10-31 185127.jpg	/srv/storage/Fotos/paola/2025-10-31 185127.jpg
32500135	2025-09-04 124550.mov	/srv/storage/Fotos/Gorda/2025-09-04 124550.mov
325275	2025-12-13 163028.jpg	/srv/storage/Fotos/paola/2025-12-13 163028.jpg
3255615	2025-06-03 205213.jpg	/srv/storage/Fotos/Mona/2025-06-03 205213.jpg
328687	2025-07-08 134812.jpg	/srv/storage/Fotos/paola/2025-07-08 134812.jpg
329397	2025-12-04 114218.jpg	/srv/storage/Fotos/paola/2025-12-04 114218.jpg
33028	2025-07-13 025425.jpg	/srv/storage/Fotos/Isabel/2025-07-13 025425.jpg
330402098	2023-05-14 185622.mov	/srv/storage/Fotos/Familia/Omer/2023-05-14 185622.mov
330703	2026-03-05 110216.jpg	/srv/storage/Fotos/Robinson/2026-03-05 110216.jpg
330796	2025-09-07 143745.jpg	/srv/storage/Fotos/paola/2025-09-07 143745.jpg
3326200	2025-08-01 181922.png	/srv/storage/Fotos/ChatGpt/2025-08-01 181922.png
335246	2025-07-03 142003.jpg	/srv/storage/Fotos/paola/2025-07-03 142003.jpg
335882	2025-08-05 213131.jpg	/srv/storage/Fotos/paola/2025-08-05 213131.jpg
3365947	2024-01-24 143208.heic	/srv/storage/Fotos/Docs/2024-01-24 143208.heic
337157	2025-08-27 143907.jpg	/srv/storage/Fotos/Gorda/2025-08-27 143907.jpg
337221	2025-08-14 174543.jpg	/srv/storage/Fotos/Robinson/2025-08-14 174543.jpg
337276	2025-06-16 072802.jpg	/srv/storage/Fotos/Bolo/2025-06-16 072802.jpg
337594	2025-07-01 134030.jpg	/srv/storage/Fotos/paola/2025-07-01 134030.jpg
337646	2025-12-05 192226.jpg	/srv/storage/Fotos/paola/2025-12-05 192226.jpg
338079	2026-02-13 183639.jpg	/srv/storage/Fotos/paola/2026-02-13 183639.jpg
338403	2025-11-11 080834.jpg	/srv/storage/Fotos/Misc/2025-11-11 080834.jpg
339769	2025-11-22 133304.jpg	/srv/storage/Fotos/paola/2025-11-22 133304.jpg
341047	2025-11-11 200617.jpg	/srv/storage/Fotos/paola/2025-11-11 200617.jpg
3411764	2025-08-06 112742.png	/srv/storage/Fotos/ChatGpt/2025-08-06 112742.png
341502	2025-06-07 163633.heic	/srv/storage/Fotos/Food/2025-06-07 163633.heic
341678	2025-10-30 151711.jpg	/srv/storage/Fotos/paola/2025-10-30 151711.jpg
3417640	2025-07-14 172707.png	/srv/storage/Fotos/ChatGpt/2025-07-14 172707.png
342551	2025-10-19 204701.jpg	/srv/storage/Fotos/Robinson/2025-10-19 204701.jpg
343242	2025-06-16 072650.jpg	/srv/storage/Fotos/Isabel/2025-06-16 072650.jpg
343512	2025-10-14 142653.jpg	/srv/storage/Fotos/paola/2025-10-14 142653.jpg
3456578	2025-07-14 173058.png	/srv/storage/Fotos/ChatGpt/2025-07-14 173058.png
3457930	2025-09-04 213138.mov	/srv/storage/Fotos/Gorda/2025-09-04 213138.mov
348005188	2025-05-30 175626.mov	/srv/storage/Fotos/Isabel Envios/2025-05-30 175626.mov
348221	2025-04-20 145240.jpg	/srv/storage/Fotos/Gorda/2025-04-20 145240.jpg
348684	2025-06-29 180201.jpg	/srv/storage/Fotos/Yuli/2025-06-29 180201.jpg
348844333	2025-12-14 144302.mov	/srv/storage/Fotos/Familia/2025-12-14 144302.mov
351451	2025-04-20 145255.jpg	/srv/storage/Fotos/Gorda/2025-04-20 145255.jpg
3518565	2025-08-01 182603.png	/srv/storage/Fotos/ChatGpt/2025-08-01 182603.png
352344	ff184f52-99dd-4309-9c56-47d8353f7be5.jpg	/srv/storage/Fotos/Oldies/ff184f52-99dd-4309-9c56-47d8353f7be5.JPG
352968	2025-11-02 203057.png	/srv/storage/Fotos/Docs/2025-11-02 203057.png
353618	2025-06-26 165020.jpg	/srv/storage/Fotos/paola/2025-06-26 165020.jpg
3536982	2025-08-07 205456.png	/srv/storage/Fotos/ChatGpt/2025-08-07 205456.png
354015	2025-08-17 122417.jpg	/srv/storage/Fotos/paola/2025-08-17 122417.jpg
35428319	2024-09-02 002114.mov	/srv/storage/Fotos/Familia/Omer/2024-09-02 002114.mov
355226	2025-06-03 163024.jpg	/srv/storage/Fotos/Isabel/2025-06-03 163024.jpg
355534	2026-02-17 100227.jpg	/srv/storage/Fotos/paola/2026-02-17 100227.jpg
3566467	2025-07-17 225705.png	/srv/storage/Fotos/ChatGpt/2025-07-17 225705.png
3573922	2025-08-17 223645.jpg	/srv/storage/Fotos/Familia/2025-08-17 223645.jpg
3592545	2025-03-21 140605.mov	/srv/storage/Fotos/Misc/2025-03-21 140605.mov
3621614	2025-08-03 184801.png	/srv/storage/Fotos/ChatGpt/2025-08-03 184801.png
3622506	2025-07-17 225741.png	/srv/storage/Fotos/ChatGpt/2025-07-17 225741.png
362486	2025-06-15 202927.jpg	/srv/storage/Fotos/Isabel/2025-06-15 202927.jpg
3628749	2025-09-08 164226.jpg	/srv/storage/Fotos/Isabel Envios/2025-09-08 164226.jpg
364544390	2025-07-28 161503.mov	/srv/storage/Fotos/Carro/2025-07-28 161503.mov
3659517	2025-08-03 115942.png	/srv/storage/Fotos/ChatGpt/2025-08-03 115942.png
366362	2025-04-20 145250.jpg	/srv/storage/Fotos/Gorda/2025-04-20 145250.jpg
366422564	2026-01-12 152026.mov	/srv/storage/Fotos/Food/2026-01-12 152026.mov
370609	2025-11-02 203322.jpg	/srv/storage/Fotos/Docs/2025-11-02 203322.jpg
3706962	2025-07-17 225757.png	/srv/storage/Fotos/ChatGpt/2025-07-17 225757.png
37388391	2025-08-16 095828.mov	/srv/storage/Fotos/Food/2025-08-16 095828.mov
375404740	2026-01-25 164803.mov	/srv/storage/Fotos/Familia/2026-01-25 164803.mov
375416	2025-04-20 231300.jpg	/srv/storage/Fotos/Gorda/2025-04-20 231300.jpg
376204	2025-07-11 132142.jpg	/srv/storage/Fotos/Gorda/2025-07-11 132142.jpg
3781153	2025-06-03 163225.mov	/srv/storage/Fotos/Isabel/2025-06-03 163225.mov
3814302	2025-09-08 172102.jpg	/srv/storage/Fotos/Isabel Envios/2025-09-08 172102.jpg
38192566	2025-11-05 161024.mov	/srv/storage/Fotos/Matisse Workers/2025-11-05 161024.mov
384005	2025-09-28 210749.jpg	/srv/storage/Fotos/Edgar/2025-09-28 210749.jpg
385599	464154715_10233846167833515_4768969579826901760_n.jpg	/srv/storage/Fotos/Oldies/464154715_10233846167833515_4768969579826901760_n.jpg
3865277	2025-06-01 170233.mov	/srv/storage/Fotos/Isabel/2025-06-01 170233.mov
39235428	2025-04-30 181847.mov	/srv/storage/Fotos/Docs/2025-04-30 181847.mov
39475444	2026-02-08 195724.mov	/srv/storage/Fotos/Booz/2026-02-08 195724.mov
39705364	2025-08-16 153008.mov	/srv/storage/Fotos/Food/2025-08-16 153008.mov
39876	2025-09-08 171051.jpg	/srv/storage/Fotos/Isabel Envios/2025-09-08 171051.jpg
40301	2025-12-02 142048.jpg	/srv/storage/Fotos/Hycrete/2025-12-02 142048.jpg
4051140	f58b0591-9f3f-4793-84fc-c37483b92557.png	/srv/storage/Fotos/ChatGpt/f58b0591-9f3f-4793-84fc-c37483b92557.png
405375	2025-12-03 145820.jpg	/srv/storage/Fotos/Robinson/2025-12-03 145820.jpg
40862739	2019-06-01 172102.mov	/srv/storage/Fotos/Food/Rocket Stove/2019-06-01 172102.mov
41080	2025-12-02 142050.jpg	/srv/storage/Fotos/Hycrete/2025-12-02 142050.jpg
4143950	2025-07-14 172211.png	/srv/storage/Fotos/ChatGpt/2025-07-14 172211.png
419022	2025-12-08 145759.jpg	/srv/storage/Fotos/Yuli/2025-12-08 145759.jpg
42167924	2025-12-14 153259.mov	/srv/storage/Fotos/Familia/2025-12-14 153259.mov
4298067	2025-07-13 200701.png	/srv/storage/Fotos/ChatGpt/2025-07-13 200701.png
4310717	2019-05-30 183245.mp4	/srv/storage/Fotos/Food/Rocket Stove/2019-05-30 183245.mp4
43163850	2026-01-13 135005.mov	/srv/storage/Fotos/Food/2026-01-13 135005.mov
435812	2025-07-20 164931.jpg	/srv/storage/Fotos/Mona/2025-07-20 164931.jpg
43588657	2025-07-09 211652.mov	/srv/storage/Fotos/Wilma/2025-07-09 211652.mov
439626	2025-07-18 140827.jpg	/srv/storage/Fotos/Lola/2025-07-18 140827.jpg
4397538	2025-07-17 230307(1).png	/srv/storage/Fotos/ChatGpt/2025-07-17 230307(1).png
442184	2026-02-24 212555.jpg	/srv/storage/Fotos/Robinson/2026-02-24 212555.jpg
4429016	2025-08-05 212653.png	/srv/storage/Fotos/ChatGpt/2025-08-05 212653.png
4433911	2025-10-26 203439.mov	/srv/storage/Fotos/Isabel/2025-10-26 203439.mov
444255	2026-02-24 212548.jpg	/srv/storage/Fotos/Robinson/2026-02-24 212548.jpg
4465171	2025-03-23 184912.jpg	/srv/storage/Fotos/Isabel/2025-03-23 184912.jpg
4490656	2025-08-05 212726.png	/srv/storage/Fotos/ChatGpt/2025-08-05 212726.png
4528026	2025-08-05 212708.png	/srv/storage/Fotos/ChatGpt/2025-08-05 212708.png
4540829	2025-07-13 200701(1).png	/srv/storage/Fotos/ChatGpt/2025-07-13 200701(1).png
462055	2026-03-02 215544.jpg	/srv/storage/Fotos/Robinson/2026-03-02 215544.jpg
463127	2025-11-10 102442.png	/srv/storage/Fotos/Docs/2025-11-10 102442.png
46361	461084344_10233571415924889_2534353998115027287_n.jpg	/srv/storage/Fotos/Familia/461084344_10233571415924889_2534353998115027287_n.jpg
466166	2026-02-17 162352.jpg	/srv/storage/Fotos/Robinson/2026-02-17 162352.jpg
470096	2025-04-07 204433.jpg	/srv/storage/Fotos/Devora/2025-04-07 204433.jpg
4710732	2025-11-17 172602.png	/srv/storage/Fotos/Misc/2025-11-17 172602.png
47359737	2025-07-17 181813.mov	/srv/storage/Fotos/Bolo/2025-07-17 181813.mov
4760228	2025-09-06 122519.heic	/srv/storage/Fotos/Isabel Envios/2025-09-06 122519.heic
4866915	2025-06-03 210237.jpg	/srv/storage/Fotos/Mona/2025-06-03 210237.jpg
49026634	2026-02-05 112530.mov	/srv/storage/Fotos/Booz/2026-02-05 112530.mov
49244	2025-11-01 200418.jpg	/srv/storage/Fotos/Devora/2025-11-01 200418.jpg
49342	461085963_10233571417484928_6606595014654096868_n.jpg	/srv/storage/Fotos/Familia/461085963_10233571417484928_6606595014654096868_n.jpg
4967871	img_1443.png	/srv/storage/Fotos/Familia/IMG_1443.PNG
497576	2025-08-09 152019.jpg	/srv/storage/Fotos/Gorda/2025-08-09 152019.jpg
5015362	2025-09-10 150822.mov	/srv/storage/Fotos/Booz/2025-09-10 150822.mov
50777077	2026-01-13 132225.mov	/srv/storage/Fotos/Food/2026-01-13 132225.mov
51253	2025-04-27 100641(1).jpg	/srv/storage/Fotos/Misc/2025-04-27 100641(1).jpg
515008105	2025-08-16 192615.mov	/srv/storage/Fotos/Food/2025-08-16 192615.mov
520529	2026-03-02 215529.jpg	/srv/storage/Fotos/Robinson/2026-03-02 215529.jpg
52114	2025-11-11 214126.jpg	/srv/storage/Fotos/Robinson/2025-11-11 214126.jpg
52214	2025-06-26 082538.jpg	/srv/storage/Fotos/Misc/2025-06-26 082538.jpg
52242	2025-08-05 213436.jpg	/srv/storage/Fotos/Familia/2025-08-05 213436.jpg
52242	8894d89cbvfc4017d7224cf429cdfc8d.jpg	/srv/storage/Fotos/Familia/Omer/8894d89cbvfc4017d7224cf429cdfc8d.jpg
523541	2025-05-10 141448.jpg	/srv/storage/Fotos/Isabel Envios/2025-05-10 141448.jpg
52637365	2025-11-11 152855.mov	/srv/storage/Fotos/Matisse/2025-11-11 152855.mov
52687931	2025-09-25 150633.mov	/srv/storage/Fotos/Booz/2025-09-25 150633.mov
52880052	2026-01-02 105600.mov	/srv/storage/Fotos/Matisse/2026-01-02 105600.mov
5295124	2025-11-12 155821.mov	/srv/storage/Fotos/Matisse/2025-11-12 155821.mov
5351449	2025-09-12 093538.mov	/srv/storage/Fotos/Gorda/2025-09-12 093538.mov
537816	2023-03-20 103654.heic	/srv/storage/Fotos/Hycrete/2023-03-20 103654.heic
53837293	2026-01-28 184925.mov	/srv/storage/Fotos/Orfa/2026-01-28 184925.mov
543207	2025-11-22 133334.jpg	/srv/storage/Fotos/Robinson/2025-11-22 133334.jpg
54379749	2025-05-13 191332.mov	/srv/storage/Fotos/Familia/2025-05-13 191332.mov
54504	2025-09-08 165710.jpg	/srv/storage/Fotos/Isabel Envios/2025-09-08 165710.jpg
54504	2025-12-14 123233.jpg	/srv/storage/Fotos/Isabel Envios/2025-12-14 123233.jpg
5453148	2025-11-12 155829.mov	/srv/storage/Fotos/Matisse/2025-11-12 155829.mov
54650	2025-12-09 181814.jpg	/srv/storage/Fotos/Docs/2025-12-09 181814.jpg
5532177	2025-12-19 221535.mov	/srv/storage/Fotos/Booz/2025-12-19 221535.mov
561007	2026-03-02 215537.jpg	/srv/storage/Fotos/Robinson/2026-03-02 215537.jpg
56183	467983017_10160032430086372_3529020153618052773_n.jpg	/srv/storage/Fotos/Oldies/467983017_10160032430086372_3529020153618052773_n.jpg
5636379	2026-02-18 203635.mov	/srv/storage/Fotos/Robinson/2026-02-18 203635.mov
5654584	2025-12-31 104018.mov	/srv/storage/Fotos/Misc/2025-12-31 104018.mov
56571	464180220_27955905070663511_6983113487084361672_n.jpg	/srv/storage/Fotos/Oldies/464180220_27955905070663511_6983113487084361672_n.jpg
567212	2025-05-10 174200.heic	/srv/storage/Fotos/Cabello/2025-05-10 174200.heic
57097	2025-05-17 173120.jpg	/srv/storage/Fotos/Docs/2025-05-17 173120.jpg
57249322	2025-11-27 144924.mov	/srv/storage/Fotos/Familia/2025-11-27 144924.mov
57293	2025-04-27 100641.jpg	/srv/storage/Fotos/Misc/2025-04-27 100641.jpg
578326	2025-11-14 095342.heic	/srv/storage/Fotos/Matisse/2025-11-14 095342.heic
57935	2025-07-11 151543.jpg	/srv/storage/Fotos/Gorda/2025-07-11 151543.jpg
579581109	2026-01-27 100752.mov	/srv/storage/Fotos/Familia/2026-01-27 100752.mov
57964	2025-12-04 193835.jpg	/srv/storage/Fotos/Booz/2025-12-04 193835.jpg
5878661	2025-05-13 204154.mov	/srv/storage/Fotos/Familia/2025-05-13 204154.mov
588205	2025-04-07 135941.heic	/srv/storage/Fotos/Chocolate/2025-04-07 135941.heic
591753	2026-02-02 093623.heic	/srv/storage/Fotos/Familia/2026-02-02 093623.heic
591850038	2025-11-07 100314.mov	/srv/storage/Fotos/Matisse/2025-11-07 100314.mov
59841	2025-11-01 200419(1).jpg	/srv/storage/Fotos/Devora/2025-11-01 200419(1).jpg
60468	464108354_27955906140663404_705658152372103950_n.jpg	/srv/storage/Fotos/Oldies/464108354_27955906140663404_705658152372103950_n.jpg
6065000	2025-12-02 133202.mov	/srv/storage/Fotos/Hycrete/2025-12-02 133202.mov
611416	2025-09-28 210754.jpg	/srv/storage/Fotos/Edgar/2025-09-28 210754.jpg
61478	464106831_27955905587330126_5212284489496140656_n.jpg	/srv/storage/Fotos/Oldies/464106831_27955905587330126_5212284489496140656_n.jpg
62042	71qtbzgqn4l._ac_uf1000,1000_ql80_.jpg	/srv/storage/Fotos/Ilustraciones/71QtbZgqN4L._AC_UF1000,1000_QL80_.jpg
62415	2025-12-04 195048.jpg	/srv/storage/Fotos/Devora/2025-12-04 195048.jpg
631329	2025-11-11 212843.jpg	/srv/storage/Fotos/Robinson/2025-11-11 212843.jpg
6364595	2025-07-11 130431.mov	/srv/storage/Fotos/Hycrete/2025-07-11 130431.mov
6367955	2025-09-06 122524.heic	/srv/storage/Fotos/Isabel Envios/2025-09-06 122524.heic
63882	2025-04-28 065945.jpg	/srv/storage/Fotos/Misc/2025-04-28 065945.jpg
63909	464125514_27955905330663485_1530196659730278960_n.jpg	/srv/storage/Fotos/Oldies/464125514_27955905330663485_1530196659730278960_n.jpg
64366	2025-06-24 152205.jpg	/srv/storage/Fotos/Oldies/2025-06-24 152205.jpg
64569	8p4zq_yz.jpg	/srv/storage/Fotos/Ilustraciones/8p4zQ_yz.jpg
64709509	2025-08-17 220322.mov	/srv/storage/Fotos/Familia/2025-08-17 220322.mov
64972	totoro ramen my neighbor totoro sticker(1).jpg	/srv/storage/Fotos/Ilustraciones/Totoro Ramen My Neighbor Totoro Sticker(1).jpg
65725	2025-06-03 163952.jpg	/srv/storage/Fotos/Isabel/2025-06-03 163952.jpg
657658	2026-02-02 093621.heic	/srv/storage/Fotos/Familia/2026-02-02 093621.heic
65893884	2025-12-24 130329.mov	/srv/storage/Fotos/Food/2025-12-24 130329.mov
66526	464133735_27955906130663405_4238833488049478863_n.jpg	/srv/storage/Fotos/Oldies/464133735_27955906130663405_4238833488049478863_n.jpg
66770	2025-12-02 142050(1).jpg	/srv/storage/Fotos/Hycrete/2025-12-02 142050(1).jpg
67482399	2025-05-18 142523.mov	/srv/storage/Fotos/Familia/2025-05-18 142523.mov
676425	img_2095.heic	/srv/storage/Fotos/Familia/IMG_2095.HEIC
68419	2025-04-28 093902.jpg	/srv/storage/Fotos/Misc/2025-04-28 093902.jpg
68672047	2025-12-24 222827.mov	/srv/storage/Fotos/Familia/2025-12-24 222827.mov
68744980	2025-11-11 145151.mov	/srv/storage/Fotos/Matisse/2025-11-11 145151.mov
694418	2032-09-22 142626.jpeg	/srv/storage/Fotos/Familia/Omer/2032-09-22 142626.jpeg
69505	2025-07-29 170140.jpg	/srv/storage/Fotos/Isabel/2025-07-29 170140.jpg
69544	2026-02-11 165522.jpg	/srv/storage/Fotos/Isabel/2026-02-11 165522.jpg
70136	464103370_10233847430785088_3897838086931526877_n.jpg	/srv/storage/Fotos/Familia/464103370_10233847430785088_3897838086931526877_n.jpg
70496897	2026-01-25 122845.mov	/srv/storage/Fotos/Familia/2026-01-25 122845.mov
7141687	2025-12-02 132731.mov	/srv/storage/Fotos/Hycrete/2025-12-02 132731.mov
71747	2025-12-26 191539.jpg	/srv/storage/Fotos/Docs/2025-12-26 191539.jpg
722908	2025-05-10 151836.jpg	/srv/storage/Fotos/Isabel Envios/2025-05-10 151836.jpg
733402	2025-08-20 181537.png	/srv/storage/Fotos/Familia/2025-08-20 181537.png
7337267	2025-08-08 111732.mov	/srv/storage/Fotos/Bolo/2025-08-08 111732.mov
7398902	2025-07-11 130401.mov	/srv/storage/Fotos/Hycrete/2025-07-11 130401.mov
74188	2025-11-01 200419.jpg	/srv/storage/Fotos/Devora/2025-11-01 200419.jpg
74505718	2025-08-16 172324.mov	/srv/storage/Fotos/Food/2025-08-16 172324.mov
74690	462753949_10233737830645153_2743244224102427379_n.jpg	/srv/storage/Fotos/Familia/462753949_10233737830645153_2743244224102427379_n.jpg
75070	2025-03-29 171427.jpg	/srv/storage/Fotos/Medical/2025-03-29 171427.jpg
757256	2026-02-09 180510.heic	/srv/storage/Fotos/Familia/2026-02-09 180510.heic
75751111	2025-06-21 110109.mov	/srv/storage/Fotos/Food/2025-06-21 110109.mov
7684147	2025-05-12 111321.mov	/srv/storage/Fotos/Gorda/2025-05-12 111321.mov
77217	ydx2wieb.jpg	/srv/storage/Fotos/Ilustraciones/YdX2WIeB.jpg
78439283	2026-01-20 091526.mov	/srv/storage/Fotos/Booz/2026-01-20 091526.mov
789407	2025-09-03 101937.heic	/srv/storage/Fotos/Orfa Work Time/2025-09-03 101937.heic
79551	464146714_27955905323996819_375973525502359368_n.jpg	/srv/storage/Fotos/Oldies/464146714_27955905323996819_375973525502359368_n.jpg
79853	2025-06-21 230051.jpg	/srv/storage/Fotos/Familia/2025-06-21 230051.jpg
806255	2025-07-16 172251.png	/srv/storage/Fotos/ChatGpt/2025-07-16 172251.png
807951	2025-08-19 114822.heic	/srv/storage/Fotos/Matisse/2025-08-19 114822.heic
8112091	2025-10-26 172146.mov	/srv/storage/Fotos/Isabel/2025-10-26 172146.mov
81168	462882214_10233749811344663_1101613367971679740_n.jpg	/srv/storage/Fotos/Familia/462882214_10233749811344663_1101613367971679740_n.jpg
81548	2025-08-06 112742.jpg	/srv/storage/Fotos/Oldies/2025-08-06 112742.jpg
81916	2025-03-19 065105.jpg	/srv/storage/Fotos/Misc/2025-03-19 065105.jpg
81956551	2026-02-07 134755.mov	/srv/storage/Fotos/Familia/2026-02-07 134755.mov
8212093	2025-08-16 174221.mov	/srv/storage/Fotos/Food/2025-08-16 174221.mov
821579	2023-02-27 145504.heic	/srv/storage/Fotos/Hycrete/2023-02-27 145504.heic
82228	464273697_27955905597330125_284190620640340754_n.jpg	/srv/storage/Fotos/Oldies/464273697_27955905597330125_284190620640340754_n.jpg
82454	2025-10-22 104914.jpg	/srv/storage/Fotos/Isabel/2025-10-22 104914.jpg
82794	2025-05-17 173121.jpg	/srv/storage/Fotos/Docs/2025-05-17 173121.jpg
829481	2025-09-02 110205.heic	/srv/storage/Fotos/Orfa Work Time/2025-09-02 110205.heic
830569	2025-05-27 133454.heic	/srv/storage/Fotos/Chocolate/2025-05-27 133454.heic
83195	2025-07-08 135705.jpg	/srv/storage/Fotos/Misc/2025-07-08 135705.jpg
835942	2025-05-10 152607.jpg	/srv/storage/Fotos/Isabel Envios/2025-05-10 152607.jpg
83813	2025-09-08 170219.jpg	/srv/storage/Fotos/Isabel Envios/2025-09-08 170219.jpg
8384567	2025-10-09 171751.mov	/srv/storage/Fotos/Isabel/2025-10-09 171751.mov
8423489	2025-08-19 133525.mov	/srv/storage/Fotos/Booz/2025-08-19 133525.mov
85027	1 pc funny monkey reading newspaper on toilet cover sticker, home decoration wall sticker, suitable for toilet seat and water tank decoration bathroom decor summer.jpg	/srv/storage/Fotos/Ilustraciones/1 Pc Funny Monkey Reading Newspaper On Toilet Cover Sticker, Home Decoration Wall Sticker, Suitable For Toilet Seat And Water Tank Decoration Bathroom Decor Summer.jpg
85434	2025-05-07 164454.jpg	/srv/storage/Fotos/Isabel/2025-05-07 164454.jpg
85463	2025-04-23 192136.jpg	/srv/storage/Fotos/Isabel/2025-04-23 192136.jpg
85509	2025-04-28 065944.jpg	/srv/storage/Fotos/Misc/2025-04-28 065944.jpg
85629	2025-07-02 205513.jpg	/srv/storage/Fotos/Isabel/2025-07-02 205513.jpg
857268	464106576_27955905053996846_5349728256482067408_n.jpg	/srv/storage/Fotos/Oldies/464106576_27955905053996846_5349728256482067408_n.jpg
858507	2025-03-22 133551.heic	/srv/storage/Fotos/Isabel/2025-03-22 133551.heic
86111166	2025-11-27 160418.mov	/srv/storage/Fotos/Carmona/2025-11-27 160418.mov
862105	2025-01-21 133420.heic	/srv/storage/Fotos/Chocolate/2025-01-21 133420.heic
862308	2025-10-28 075651.heic	/srv/storage/Fotos/Misc/2025-10-28 075651.heic
86497	2025-10-08 101742.jpg	/srv/storage/Fotos/Isabel/2025-10-08 101742.jpg
865485	2025-10-28 075610.heic	/srv/storage/Fotos/Misc/2025-10-28 075610.heic
870456	2025-04-25 083915.heic	/srv/storage/Fotos/Isabel Envios/2025-04-25 083915.heic
8773983	2025-09-06 142756.mov	/srv/storage/Fotos/paola/2025-09-06 142756.mov
87829	2025-03-16 122112.jpg	/srv/storage/Fotos/Misc/2025-03-16 122112.jpg
879078	2025-05-13 220535.heic	/srv/storage/Fotos/Familia/2025-05-13 220535.heic
87992	2025-12-16 082712(1).jpg	/srv/storage/Fotos/Familia/2025-12-16 082712(1).jpg
87992	8d2d75d2eub8c083ad46d26eab55a118.jpg	/srv/storage/Fotos/Familia/Omer/8d2d75d2eub8c083ad46d26eab55a118.jpg
881617	2025-01-06 125850.heic	/srv/storage/Fotos/Familia/Omer/2025-01-06 125850.heic
88336	2025-12-04 194149.jpg	/srv/storage/Fotos/Booz/2025-12-04 194149.jpg
88410	1ca-r_qw.jpg	/srv/storage/Fotos/Ilustraciones/1cA-r_Qw.jpg
8855880	2019-05-30 183253.mp4	/srv/storage/Fotos/Food/Rocket Stove/2019-05-30 183253.mp4
886472	2025-10-28 075845.heic	/srv/storage/Fotos/Misc/2025-10-28 075845.heic
89046	2024-09-21 153252.heic	/srv/storage/Fotos/Familia/Omer/2024-09-21 153252.heic
90006	2025-04-23 192137.jpg	/srv/storage/Fotos/Isabel/2025-04-23 192137.jpg
9003391	2026-02-05 112542.mov	/srv/storage/Fotos/Booz/2026-02-05 112542.mov
90080	2025-03-21 131859.jpg	/srv/storage/Fotos/Isabel/2025-03-21 131859.jpg
90500	2025-12-04 193835(2).jpg	/srv/storage/Fotos/Booz/2025-12-04 193835(2).jpg
90991	2025-12-26 191749.jpg	/srv/storage/Fotos/Docs/2025-12-26 191749.jpg
9183205	2025-08-08 111732(1).mov	/srv/storage/Fotos/Bolo/2025-08-08 111732(1).mov
91833	2025-10-08 101720.jpg	/srv/storage/Fotos/Isabel/2025-10-08 101720.jpg
91895341	2026-01-13 140224.mov	/srv/storage/Fotos/Food/2026-01-13 140224.mov
92038	2025-09-12 093538.jpg	/srv/storage/Fotos/Gorda/2025-09-12 093538.jpg
923895	2025-05-26 164648.heic	/srv/storage/Fotos/Isabel/2025-05-26 164648.heic
92400	2025-12-04 193835(1).jpg	/srv/storage/Fotos/Booz/2025-12-04 193835(1).jpg
92928	464172862_27955905327330152_8503204125505677407_n.jpg	/srv/storage/Fotos/Oldies/464172862_27955905327330152_8503204125505677407_n.jpg
93228	464173905_27955906447330040_349997448195411041_n.jpg	/srv/storage/Fotos/Oldies/464173905_27955906447330040_349997448195411041_n.jpg
93292876	2025-12-14 153401.mov	/srv/storage/Fotos/Familia/2025-12-14 153401.mov
93577	2025-12-02 142047.jpg	/srv/storage/Fotos/Hycrete/2025-12-02 142047.jpg
936409	2025-07-21 185943.png	/srv/storage/Fotos/Asir/2025-07-21 185943.png
93708	2025-11-07 095213.jpg	/srv/storage/Fotos/Docs/2025-11-07 095213.jpg
937559	2025-05-31 170656.heic	/srv/storage/Fotos/Familia/2025-05-31 170656.heic
93962	2026-01-30 223524.jpg	/srv/storage/Fotos/paola/2026-01-30 223524.jpg
94028	2025-12-02 142044.jpg	/srv/storage/Fotos/Hycrete/2025-12-02 142044.jpg
9456568	2025-10-18 160706.mov	/srv/storage/Fotos/Isabel/2025-10-18 160706.mov
94749	2025-11-12 091432.jpg	/srv/storage/Fotos/Yuli/2025-11-12 091432.jpg
951246	2025-06-03 211033.mov	/srv/storage/Fotos/Yuli/2025-06-03 211033.mov
95485	464106824_27955904773996874_3987688129891419974_n.jpg	/srv/storage/Fotos/Oldies/464106824_27955904773996874_3987688129891419974_n.jpg
95580	464150502_27955905320663486_2358763061817518277_n.jpg	/srv/storage/Fotos/Oldies/464150502_27955905320663486_2358763061817518277_n.jpg
95686	2025-10-11 132019.jpg	/srv/storage/Fotos/Gorda/2025-10-11 132019.jpg
958441	2026-02-14 154935.png	/srv/storage/Fotos/Robinson/2026-02-14 154935.png
96106	462719073_10233737828045088_6854871604096286670_n.jpg	/srv/storage/Fotos/Familia/462719073_10233737828045088_6854871604096286670_n.jpg
9648894	2025-10-26 203611.mov	/srv/storage/Fotos/Isabel/2025-10-26 203611.mov
97195	2025-04-07 194703.jpg	/srv/storage/Fotos/Isabel/2025-04-07 194703.jpg
97571	2025-12-16 082712.jpg	/srv/storage/Fotos/Familia/2025-12-16 082712.jpg
97571	bcf472c6fv13a106ada8e80c26aecca9.jpg	/srv/storage/Fotos/Familia/Omer/bcf472c6fv13a106ada8e80c26aecca9.jpg
982208	2025-05-10 174550.heic	/srv/storage/Fotos/Cabello/2025-05-10 174550.heic
98397153	2026-01-13 155056.mov	/srv/storage/Fotos/Food/2026-01-13 155056.mov
98609097	2025-04-22 192159.mov	/srv/storage/Fotos/Misc/2025-04-22 192159.mov
99426	2025-10-12 193220(3).jpg	/srv/storage/Fotos/Isabel/2025-10-12 193220(3).jpg
99828	462803465_10233737830325145_1268624973495492988_n.jpg	/srv/storage/Fotos/Familia/462803465_10233737830325145_1268624973495492988_n.jpg
